店舗名,住所
焼肉うしぞの～USHI‐ZONO～鶴見,神奈川県横浜市鶴見区豊岡町17-3
焼き肉ダイニング ちからや 上大岡店,神奈川県横浜市港南区上大岡西1-18-5
焼肉 基,神奈川県横浜市中区長者町7-112
焼肉 龍,神奈川県大和市大和南1-3-2
焼肉 豪じ,神奈川県横浜市中区常盤町2-10
焼肉 元八,神奈川県横浜市戸塚区平戸町384
焼肉 大門,神奈川県秦野市若松町5-3
焼肉 武蔵,神奈川県相模原市南区東林間6-18-1
焼肉223,神奈川県川崎市高津区二子5-11-4
焼肉の流儀,神奈川県藤沢市南藤沢20-4
焼肉ジナン,神奈川県川崎市中原区中丸子571-13
焼肉・韓国料理KollaBo （コラボ） 横浜ベイクォーター店,神奈川県横浜市神奈川区金港町1-10
焼肉おくう本郷台本店,神奈川県横浜市栄区桂町319-18
焼肉おくう藤沢店,神奈川県藤沢市鵠沼石上1-1-1
焼肉おくうGEMS新横浜店,神奈川県横浜市港北区新横浜2-5-17
焼肉むらき,神奈川県横浜市神奈川区鶴屋町2-16-6
焼肉おくう戸塚店,神奈川県横浜市戸塚区戸塚町16-1
焼肉 但馬屋,神奈川県川崎市中原区小杉町3-600
焼肉 みろく,神奈川県横浜市保土ケ谷区星川1-25-17
焼肉こりゅう,神奈川県横浜市中区常盤町1-5
焼肉本舗和家,神奈川県横浜市中区曙町4-59
焼肉・韓国料理Kollabo（コラボ）横浜みなとみらい店,神奈川県横浜市西区みなとみらい3-5-1
焼肉タンタン,神奈川県横浜市中区福富町東通3-10
焼肉 げんてん,神奈川県横浜市戸塚区品濃町539-5
焼肉 どうらく星川総本店,神奈川県横浜市保土ケ谷区星川2-1-15
極厚塊肉 焼肉三年目の浮気 鶴見駅前,神奈川県横浜市鶴見区豊岡町21-24
焼肉どうらく天王町店,神奈川県横浜市保土ケ谷区天王町2-47-6
焼肉俐輔,神奈川県川崎市多摩区登戸1831-1
焼肉 新羅,神奈川県横浜市中区上野町1-23
焼肉食堂605,神奈川県横浜市西区みなとみらい3-5-1
焼肉 濱皇,神奈川県横浜市栄区長沼町326
焼肉のんちゃん,神奈川県川崎市中原区木月2-5-14
焼肉 牛兵衛ODAKYU湘南GATE店,神奈川県藤沢市藤沢21-1
焼肉 忠慶苑,神奈川県足柄下郡湯河原町宮上230-9
焼肉どうらく上星川店,神奈川県横浜市保土ケ谷区上星川3-3-4
焼肉 牛三郎横浜元町店,神奈川県横浜市中区元町1-31
焼肉荒井屋,神奈川県横浜市中区大和町1-5
焼肉大昌園川崎駅前店,神奈川県川崎市川崎区砂子2-9-2
焼肉の和民横浜店,神奈川県横浜市西区北幸1-1-2
焼肉キングコング,神奈川県横浜市戸塚区品濃町515-1
焼肉べこ亭たまプラーザ本店,神奈川県川崎市宮前区犬蔵2-10-1
焼肉 東京山,神奈川県横浜市中区寿町2-5-12
焼肉 そう太,神奈川県大和市大和東3-5-17
焼肉 仔牛屋,神奈川県横浜市都筑区茅ケ崎中央12-5
焼肉 三千里,神奈川県川崎市川崎区宮本町5-1
焼肉 大成苑,神奈川県川崎市川崎区藤崎4-4-8
焼肉大飯店横浜アリラン亭西口店,神奈川県横浜市西区南幸2-8-17
焼肉の和民京急杉田店,神奈川県横浜市磯子区杉田1-13-3
焼肉 七夕 橋本,神奈川県相模原市緑区橋本3-15-17
焼肉チョモランマ武蔵小杉,神奈川県川崎市中原区小杉町3-441-17
焼肉とんがらし玉,神奈川県横浜市港南区大久保1-14-11
焼肉・韓国料理マダン,神奈川県川崎市川崎区東田町3-13
焼肉ひょうたんのつづき,神奈川県横浜市金沢区能見台通4-5
焼肉ハウスマンボウ,神奈川県横浜市青葉区あざみ野南2-4-2
焼肉ホルモン酒場陽真 ‐HARUMA‐,神奈川県鎌倉市大船1-25-23
焼肉 煉瓦（れんが）新百合ヶ丘,神奈川県川崎市麻生区上麻生1-6-3
焼肉 花ほのお,神奈川県横浜市港南区上大岡西2-9-5
焼肉おくう武蔵新城店,神奈川県川崎市中原区上新城2-11-10
焼肉韓国料理火らし,神奈川県平塚市紅谷町3-3
焼肉 慶州 大船,神奈川県鎌倉市小袋谷2-14-3
焼肉食べ放題×広々半個室極（KIWA） 横浜本店,神奈川県横浜市西区南幸2-5-5
焼肉 世界のりょうちゃん,神奈川県横浜市緑区台村町317-1
焼肉 福楽苑鶴見市場駅前店,神奈川県横浜市鶴見区市場大和町7-1
焼肉 朔Jiro,神奈川県横浜市都筑区折本町456
焼肉ハウス 大滝,神奈川県横浜市中区南仲通3-35
焼肉 肉秀 菊名,神奈川県横浜市港北区篠原北1-1-12
焼肉ホルモン べーす,神奈川県横浜市港北区日吉本町1-18-29
焼肉名菜 福寿戸塚モディ店,神奈川県横浜市戸塚区戸塚町10
焼肉名菜 福寿武蔵小杉店,神奈川県川崎市中原区小杉町1-403
焼肉名菜 福寿ミウイ橋本店,神奈川県相模原市緑区橋本3-28-1
焼肉Dining 零,神奈川県横浜市鶴見区豊岡町17-5
焼肉ホルモン やおき,神奈川県川崎市高津区溝口1-1-30
焼肉ホルモン 一栄,神奈川県横須賀市久里浜4-16-2
焼肉＆BAR 十炭,神奈川県川崎市川崎区駅前本町3-4
川崎焼肉 松小僧,神奈川県川崎市幸区中幸町1-52
焼肉 輝～kagayaki～,神奈川県川崎市高津区末長1-45-10
横浜天王町 焼肉 大石,神奈川県横浜市保土ケ谷区天王町2-46-11
金網デスマッチ 焼肉 SUN,神奈川県川崎市川崎区東田町5-5
焼肉 天龍 蒔田本店,神奈川県横浜市南区榎町2-66
焼肉と冷麺の 関内苑本店,神奈川県横浜市中区羽衣町2-5-14
和牛一頭流 焼肉どうらく鶴ヶ峰店,神奈川県横浜市旭区鶴ヶ峰2-82-1
食べ飲み放題 焼肉ダイニングちからや 横浜鶴屋町店,神奈川県横浜市神奈川区鶴屋町2-13-3
焼肉 治郎丸 野毛店,神奈川県横浜市中区野毛町1-38
和牛一頭流 焼肉どうらく横浜西口本店,神奈川県横浜市西区南幸2-6-2
焼肉ホルモン 濱牛,神奈川県横浜市中区野毛町2-76-3
焼肉とみ 横浜関内店,神奈川県横浜市中区住吉町5-65-2
黒毛和牛一頭買い 焼肉 穂坂小田原店,神奈川県小田原市栄町1-14-56
炙 ‐ABURI‐ 焼肉・ホルモン川崎店,神奈川県川崎市川崎区東田町2-9
焼肉料理屋 わんこ,神奈川県横浜市神奈川区白楽100-11
ウラ横 焼肉センター,神奈川県横浜市西区高島2-6-32
焼肉キッチン カルビパパ,神奈川県川崎市幸区古市場1864
焼肉 平城苑 橋本店,神奈川県相模原市緑区東橋本2-31-12
焼肉×ワイン 清水橋バル,神奈川県逗子市逗子5-14-1
焼肉ホルモン 城の市場,神奈川県横浜市鶴見区市場大和町7-7
焼肉 灼 ‐SHAKU‐ 川崎店,神奈川県川崎市川崎区砂子2-6-8
焼肉 GRANDELA（グランデラ）,神奈川県横浜市西区みなとみらい5-1-1
焼肉 京城苑 屏風浦,神奈川県横浜市磯子区森4-10-7
焼肉ホルモン酒場 青葉ホルモン,神奈川県横浜市青葉区青葉台2-5
焼肉カルビランド 横浜西口店,神奈川県横浜市西区南幸2-16-11
仲町台焼肉 一喜FARM,神奈川県横浜市都筑区仲町台1-3-3
焼肉 朝日苑 野毛・桜木町,神奈川県横浜市中区野毛町1-35-3
焼肉 USHIHACHI（ウシハチ）武蔵小杉店,神奈川県川崎市中原区小杉町3-446-4
焼肉 USHIHACHI（ウシハチ）あざみ野店,神奈川県横浜市青葉区あざみ野1-1-4
みなとみらい de 焼肉DOURAKU（どうらく）,神奈川県横浜市西区みなとみらい4-6-2
焼肉ホルモン やまと 大船店,神奈川県鎌倉市大船1-5-10-1
焼肉 山形屋 本厚木店,神奈川県厚木市泉町2-1
焼肉ホルモン焼 川崎ホルモン劇場,神奈川県川崎市川崎区小川町2-7
焼肉どうらく×上星商店 二俣川店,神奈川県横浜市旭区二俣川1-45-26
焼肉ジンギスカン ひつじ 藤沢店,神奈川県藤沢市南藤沢19-16
焼肉 うらと久まつ 日吉店,神奈川県横浜市港北区日吉本町1-20-16
焼肉ホルモン たけ田 古淵店,神奈川県相模原市南区古淵1-8-12
新高島 de 焼肉DOURAKU,神奈川県横浜市西区みなとみらい5-1-2
焼肉 煉 鹿児島県直送黒毛和牛,神奈川県横浜市港北区日吉本町1-16-20
焼肉 牛勢‐GYUSE‐本厚木店,神奈川県厚木市中町3-4-16
焼肉ジンギスカン 五坪 藤沢店,神奈川県藤沢市南藤沢2-10
馬車道 de 焼肉DOURAKU,神奈川県横浜市中区北仲通5-57-2
個室 横浜焼肉 輪屋（わっかや）,神奈川県横浜市港北区新横浜2-6-17
焼肉カルビランド 東戸塚駅前店,神奈川県横浜市戸塚区品濃町539-7
焼肉・ホルモン ひょうたん 弥生町店,神奈川県横浜市中区弥生町2-15-1
焼肉本舗 我家 阪東橋・真金町店,神奈川県横浜市南区真金町1-7
焼肉大昌園 きんとき GEMS川崎店,神奈川県川崎市川崎区砂子2-4-14
炭火焼肉眞横須賀中央店,神奈川県横須賀市大滝町2-13-9
接待×個室×焼肉うし極 関内馬車道,神奈川県横浜市中区住吉町2-24-2
高コスパ焼肉焼肉市場げんかや 港北店,神奈川県横浜市都筑区牛久保西1-1-16
焼肉たまい 名物 金運カルビ 100円 溝の口,神奈川県川崎市高津区溝口2-7-11
韓国焼肉 庭,神奈川県横浜市中区福富町仲通38
炭火焼肉眞津久井浜本店,神奈川県横須賀市津久井2-2-20
炭火焼肉 快平塚豊田店,神奈川県平塚市南豊田55-1
炭火焼肉 快小田原駅前店,神奈川県小田原市栄町2-7-2
焼肉どうらく みなとみらい別邸 横浜コネクトスクエア店,神奈川県横浜市西区みなとみらい3-3-3
和牛焼肉 匠家,神奈川県横浜市中区真砂町3-31
七輪焼肉 安安湘南台店,神奈川県藤沢市亀井野365-1
七輪焼肉 安安横浜北口店,神奈川県横浜市神奈川区鶴屋町2-20-1
七輪焼肉 安安日ノ出町店,神奈川県横浜市中区日ノ出町1-2
七輪焼肉 安安本厚木店,神奈川県厚木市中町2-7-23
七輪焼肉 安安川崎仲見世店,神奈川県川崎市川崎区砂子2-7-11
七輪焼肉 安安茅ヶ崎店,神奈川県茅ヶ崎市新栄町7-2
七輪焼肉 安安追浜店,神奈川県横須賀市追浜町3-8-5
七輪焼肉 安安溝の口店,神奈川県川崎市高津区久本3-1-1
七輪焼肉 安安南林間店,神奈川県大和市南林間1-7-12
七輪焼肉 安安つきみ野店,神奈川県大和市下鶴間2076-3
七輪焼肉 安安海老名店,神奈川県海老名市中央2-2-7
七輪焼肉 安安綱島店,神奈川県横浜市港北区綱島西1-8-1
七輪焼肉 安安伊勢佐木町店,神奈川県横浜市中区伊勢佐木町5-129-2
七輪焼肉 安安川崎幸店,神奈川県川崎市幸区中幸町4-50-8
七輪焼肉 安安横須賀中央店,神奈川県横須賀市大滝町2-10
七輪焼肉 安安大和店,神奈川県大和市大和東1-4-4
七輪焼肉 安安寒川倉見店,神奈川県高座郡寒川町倉見847-2
七輪焼肉 安安相武台店,神奈川県座間市相武台3-41-10
七輪焼肉 安安鶴見店,神奈川県横浜市鶴見区豊岡町2-4
七輪焼肉 安安稲田堤店,神奈川県川崎市多摩区菅2-1-13
七輪焼肉 安安相模原2号店,神奈川県相模原市中央区星が丘3-15-15
七輪焼肉 安安大船店,神奈川県鎌倉市大船1-25-36
七輪焼肉 安安相模原店,神奈川県相模原市中央区横山台2-6-22
七輪焼肉 安安アリオ橋本店,神奈川県相模原市緑区大山町1-22
七輪焼肉 安安関内店,神奈川県横浜市中区不老町1-1-11
七輪焼肉 安安港北センター北店,神奈川県横浜市都筑区中川中央1-25-1
炭火焼肉 のぶ,神奈川県横浜市南区浦舟町1-1-5
七輪焼肉 安安なぎさモール辻堂店,神奈川県藤沢市辻堂西海岸2-11-5
七輪焼肉 安安中山店,神奈川県横浜市緑区台村町278-4
七輪焼肉 安安京急川崎店,神奈川県川崎市川崎区砂子1-1-8
炭火焼肉 牛騰,神奈川県横浜市保土ケ谷区岩井町4-197
七輪焼肉 安安横浜西口店,神奈川県横浜市西区岡野1-11-12
七輪焼肉 安安矢向店,神奈川県横浜市鶴見区矢向6-7-10
七輪焼肉 安安武蔵小杉店,神奈川県川崎市中原区小杉町3-441-1
七輪焼肉 安安新横浜店,神奈川県横浜市港北区新横浜2-3-11
七輪焼肉 安安保土ヶ谷店,神奈川県横浜市保土ケ谷区岩井町4-208
七輪焼肉 安安青葉台店,神奈川県横浜市青葉区青葉台2-9-16
個室 和牛焼肉 幸庵横浜関内店,神奈川県横浜市中区常磐町5-62
炭火焼肉 大倉山,神奈川県横浜市港北区大曽根1-17-20
和牛焼肉 土古里ルミネ横浜店,神奈川県横浜市西区高島2-16-1
炭火焼肉 かこい,神奈川県藤沢市鵠沼石上1-3-3
神奈川厳選銘酒×バー×焼肉かまくら藤家,神奈川県鎌倉市小町1-4-4
黒毛和牛焼肉 以楽亭鶴見店,神奈川県横浜市鶴見区豊岡町17-9
あか牛焼肉×記念日×個室阿吽（あうん）本厚木,神奈川県厚木市寿町3-1-1
溝の口焼肉 にく野郎,神奈川県川崎市高津区溝口1-12-5
野毛焼肉 Taro,神奈川県横浜市中区野毛町1-48-1
青葉台焼肉 うしこぞう,神奈川県横浜市青葉区青葉台1-15-4
和牛×原価焼肉 大船苑,神奈川県鎌倉市大船1-17-4
個室 和牛焼肉 乃助川崎本店,神奈川県川崎市川崎区東田町3-14
韓国焼肉 sisi,神奈川県逗子市逗子5-2-47
黒毛和牛焼肉 日向,神奈川県川崎市多摩区菅1-3-24
元氣七輪焼肉 牛繁鶴見店,神奈川県横浜市鶴見区豊岡町21-7
炭火焼肉酒房 雷音溝の口店,神奈川県川崎市高津区溝口2-6-22
薬膳・韓国家庭料理・韓国焼肉吾照里 ダイナシティ小田原店,神奈川県小田原市中里313-12
炭火焼肉酒房雷音たまプラーザ店,神奈川県横浜市青葉区美しが丘2-21-12
韓国焼肉 萬和苑 大和店,神奈川県大和市中央4-1-23
炭火焼肉りんどう,神奈川県横須賀市久里浜1-5-8
炭火焼肉・ホルモン 竹本家,神奈川県横須賀市若松町1-11
隠れ家焼肉 BULLS野毛・桜木町,神奈川県横浜市中区野毛町1-24-5
390ホルモン焼肉,神奈川県横浜市保土ケ谷区和田1-12-17
A5山形牛一頭買い焼肉くろべこ 武蔵小杉店,神奈川県川崎市中原区小杉町3-430-1
炭火焼肉 とんがらし本店,神奈川県横浜市港南区笹下1-2-17
A5黒毛和牛焼肉 やまと溝の口店,神奈川県川崎市高津区溝口2-6-31
食べ放題 元氣七輪焼肉 牛繁新丸子店,神奈川県川崎市中原区新丸子東1-786
食べ放題 元氣七輪焼肉 牛繁相模大野店,神奈川県相模原市南区相模大野3-10
食べ放題 元氣七輪焼肉 牛繁綱島店,神奈川県横浜市港北区綱島西2-1-11
食べ放題 元氣七輪焼肉 牛繁武蔵新城店,神奈川県川崎市中原区新城3-8-5
食べ放題 元氣七輪焼肉 牛繁武蔵中原店,神奈川県川崎市中原区上小田中6-23-7
炭火焼肉 真牛網焼き工房,神奈川県厚木市中町3-1-15
食べ放題 元氣七輪焼肉 牛繁日吉店,神奈川県横浜市港北区日吉本町1-2-5
山形牛焼肉 牛兵衛 草庵そごう横浜店,神奈川県横浜市西区高島2-18-1
ロース焼肉専門店 肉酒場武蔵小杉店,神奈川県川崎市中原区小杉町3-26-8
個室焼肉 登龍門 平塚店,神奈川県平塚市大神2‐9‐22
大阪焼肉ホルモンふたご横浜駅東口店,神奈川県横浜市西区高島2-10-16
薬膳・韓国家庭料理・韓国焼肉吾照里 武蔵小杉東急スクエア店,神奈川県川崎市中原区小杉町3-472
七輪炭火和牛焼肉 肉乃家,神奈川県横浜市中区山下町155-13
薬膳・韓国家庭料理・韓国焼肉吾照里 横浜東口ポルタ店,神奈川県横浜市西区高島2-16
炭火焼肉 ドラゴンカルビ横浜ランドマークプラザ店,神奈川県横浜市西区みなとみらい2-2-1
川崎名物 炭火焼肉 食道園,神奈川県川崎市川崎区小川町14-13
A5山形牛一頭買い焼肉くろべこ 溝の口店,神奈川県川崎市高津区溝口1-1-15
七輪焼肉 安安 藤沢石川店,神奈川県藤沢市石川1-15-16
大船de焼肉DOURAKU,神奈川県横浜市栄区笠間2-2-1
ロース焼肉専門店 北京店向河原店,神奈川県川崎市中原区下沼部1905-13
厚木ホルモン焼肉 とび蔵 大船店,神奈川県鎌倉市大船1-26-32
大雄山塩ホルモン焼肉炭備,神奈川県南足柄市関本591-1
炭火焼肉 牛族 向ケ丘遊園,神奈川県川崎市多摩区登戸2736-5
炭火焼肉酒房 青とうがらし南林間店,神奈川県座間市ひばりが丘2-16-1
炭火焼肉酒房 青とうがらし中山店,神奈川県横浜市緑区台村町292-6
桜木町de焼肉 DOURAKU,神奈川県横浜市中区桜木町1-101-1
国産牛焼肉くいどん 中原店,神奈川県川崎市中原区上小田中6-18-3
備長七輪焼肉 牛蔵（ぎゅうくら）,神奈川県横浜市中区伊勢佐木町4-111
仙台牛×炭火焼肉 ミート食楽部関内・阪東橋店,神奈川県横浜市中区曙町3-44
和牛焼肉店 肉小僧 鶴見本店,神奈川県横浜市鶴見区鶴見中央4-42-12
炭火焼肉本舗「あぶり屋」 上大岡店,神奈川県横浜市港南区上大岡西1-17-24
炭火焼肉本舗「あぶり屋」 上永谷店,神奈川県横浜市港南区上永谷2-11-1
炭火焼肉酒房 青とうがらし 都筑店,神奈川県横浜市都筑区大丸22-21
国産牛焼肉くいどん 湘南台店,神奈川県藤沢市高倉1215
個室 炭火焼肉 大将軍 川崎本店,神奈川県川崎市川崎区小川町5-17
七輪焼肉 安安 イセザキモール店,神奈川県横浜市中区伊勢佐木町2-79
十日市場本格塩ホルモン焼肉炭備,神奈川県横浜市緑区十日市場町837-2
鉄板焼肉 餃子 だだ乃屋 綱島店,神奈川県横浜市港北区綱島西1-11-4
炭火焼肉ホルモン酒場 仙次郎小田原店,神奈川県小田原市栄町2-1-21
登戸で30年続く焼肉店 松坂,神奈川県川崎市多摩区登戸2601
少人数貸切×和牛炭火焼肉ご宴会えのもと 湘南台,神奈川県藤沢市湘南台2-8-7
黒毛和牛A5焼肉 源 横浜中華街,神奈川県横浜市中区山下町202-9
半個室×焼肉 べごっこのカルビ 平塚,神奈川県平塚市紅谷町14-3
国産牛焼肉くいどん リコパ川崎店,神奈川県川崎市川崎区小田栄2-2-3
国産牛焼肉くいどん 新百合ヶ丘店,神奈川県川崎市麻生区上麻生4-15-1
肉問屋直営焼肉 国産牛食べ放題吟の利久 横浜店,神奈川県横浜市西区南幸2-17-8
食べ放題 元氣七輪焼肉 牛繁 藤沢店,神奈川県藤沢市南藤沢20-15
完全個室焼肉 ITADAKI 横浜,神奈川県横浜市神奈川区鶴屋町2-13-6
食べ放題 元氣七輪焼肉 牛繁 稲田堤店,神奈川県川崎市多摩区菅1-3-15
食べ放題 元氣七輪焼肉 牛繁 元住吉店,神奈川県川崎市中原区木月2-5-10
大阪焼肉ホルモンふたご 横浜駅西口店,神奈川県横浜市西区南幸2-5-3
幸せの焼肉食べ放題 かみむら牧場 横浜鶴見駒岡店,神奈川県横浜市鶴見区駒岡5-5-2
食べ放題 元氣七輪焼肉 牛繁 伊勢佐木町店,神奈川県横浜市中区伊勢佐木町2-78
和牛焼肉ホルモンレストラン えいりぃ亭,神奈川県横浜市都筑区中川中央1-33-7
食べ放題 元氣七輪焼肉 牛繁 小田急相模原店,神奈川県相模原市南区南台5-12-16
食べ放題 元氣七輪焼肉 牛繁 川崎仲見世通り店,神奈川県川崎市川崎区砂子2-6-11
0秒レモンサワー 仙台ホルモン焼肉酒場ときわ亭 野毛桜木町店,神奈川県横浜市中区花咲町1-49
牛角 横浜鶴屋町店,神奈川県横浜市神奈川区鶴屋町2-16-6
とんちゃん亭川崎店,神奈川県川崎市川崎区砂子1-6-8
牛角 足柄開成町店,神奈川県足柄上郡開成町宮台240-1
ホルモン本舗 我家,神奈川県横浜市南区花之木町1-16
熱烈カルビ 港南台店,神奈川県横浜市港南区港南台3-24-7
熱烈カルビ 瀬谷店,神奈川県横浜市瀬谷区橋戸2-16-8
熱烈カルビ 山手台店,神奈川県横浜市泉区岡津町134-1
やきにく 煖 Dan,神奈川県横浜市都筑区仲町台1-31-6
熱烈カルビ本牧店,神奈川県横浜市中区本牧原17-2
叙々苑 横浜ハマボールイアス店,神奈川県横浜市西区北幸2-2-1
叙々苑 横浜スカイビル28,神奈川県横浜市西区高島2-19-12
牛角 武蔵中原店,神奈川県川崎市中原区上小田中6-21-5
叙々苑 横浜港北店,神奈川県横浜市都筑区中川中央1-1-3
熱烈カルビ三ツ沢上町店,神奈川県横浜市神奈川区三ツ沢上町4-11
牛角 秦野店,神奈川県秦野市平沢382-3
鶴橋,神奈川県平塚市菫平8-19
牛角 平塚旭店,神奈川県平塚市根坂間214-1
牛角鷺沼店,神奈川県川崎市宮前区鷺沼3-1-27
牛角 横須賀汐入店,神奈川県横須賀市本町2-1-12
牛角溝の口店,神奈川県川崎市高津区溝口2-6-32
牛角 藤沢店,神奈川県藤沢市南藤沢3-4
牛角 横浜北幸店,神奈川県横浜市西区北幸2-2-6
牛角 横須賀モアーズシティ店,神奈川県横須賀市若松町2-30
あだんの盛,神奈川県川崎市中原区新城2-3-9
牛角 橋本店,神奈川県相模原市緑区橋本3-17-3
牛角 東戸塚店,神奈川県横浜市戸塚区品濃町548-1
牛角 横浜ムービル店,神奈川県横浜市西区南幸2-1-22
食べ放題・飲み放題元町 de 焼肉DOURAKU,神奈川県横浜市中区新山下1-2-8
牛角 南本宿店,神奈川県横浜市旭区南本宿町35-5
牛角日吉店,神奈川県横浜市港北区日吉本町1-19-17
大ちゃん,神奈川県川崎市麻生区栗平2-2-5
天山,神奈川県横浜市西区高島2-19-12
牛角 伊勢原店,神奈川県伊勢原市桜台3-6-6
HAYA 江ノ島店,神奈川県藤沢市片瀬海岸2-16-20
カルビ屋大福中央林間店,神奈川県大和市中央林間8-8-5
牛角 厚木妻田店,神奈川県厚木市妻田北3-1-2
ひょうたん,神奈川県横浜市緑区台村町283
横濱ホルモン会館 エース 本厚木店,神奈川県厚木市中町2-10-23
大徳壽 みなとみらい,神奈川県横浜市中区桜木町1-1-7
娯楽苑,神奈川県横浜市戸塚区戸塚町4191
牛角武蔵小杉店,神奈川県川崎市中原区小杉町3-69-1
BQG,神奈川県川崎市川崎区藤崎4-15-13
韓の台所別邸 川崎店,神奈川県川崎市川崎区砂子2-1-10
西の屋,神奈川県川崎市川崎区浜町4-17-24
アリラン亭浅間町本店,神奈川県横浜市西区浅間町3-177-1
ワンカルビ 川崎宮前店,神奈川県川崎市宮前区犬蔵3-9-12
ワンカルビ 大和上和田店,神奈川県大和市上和田字上ノ原39-1
ワンカルビルララこうほく店,神奈川県横浜市都筑区中川中央2-2-1
ワンカルビ相模原星が丘店,神奈川県相模原市中央区星が丘1-1-27
ホルモン専門店 烈横浜鶴屋町店,神奈川県横浜市神奈川区鶴屋町2-12-3
十勝ホルモンKEMURI阪東橋店,神奈川県横浜市中区曙町4-49
牛國,神奈川県横浜市中区伊勢佐木町2-10-4
さかい横須賀馬堀海岸店,神奈川県横須賀市大津町1-22-8-2F
牛角 菊名店,神奈川県横浜市港北区菊名6-1-7
牛角上大岡西口店,神奈川県横浜市港南区上大岡西1-10-9
食彩和牛 しげ吉大和本店,神奈川県大和市深見西2-1-3
牛角中山店,神奈川県横浜市緑区中山町301-6
横浜慶州苑菊名店,神奈川県横浜市港北区篠原北1-1-2
韓食菜炎 ヨンドン藤沢駅南口店,神奈川県藤沢市南藤沢23-10
エイジング・ビーフ横浜店,神奈川県横浜市神奈川区鶴屋町1-7-1
炭火串居酒屋 とりあえず,神奈川県横浜市保土ケ谷区川辺町2-2
和牛屋 老舗肉問屋直営 小田原店,神奈川県小田原市栄町3-1-10
空,神奈川県横浜市金沢区能見台通22-8
童,神奈川県鎌倉市大船1-22-13
肉卸直送×黒毛和牛焼肉かまくら本店,神奈川県鎌倉市小町2-10-18
けやき,神奈川県横浜市磯子区洋光台3-10-15
平塚ホルモンセンター 小太郎,神奈川県平塚市代官町10-10
景福宮,神奈川県足柄下郡箱根町仙石原74-1
大徳壽 関内本店,神奈川県横浜市中区羽衣町2-5-15
四代目 加藤牛,神奈川県横浜市金沢区泥亀2-8-18
名物ホルモン 七輪もつ焼き 鉄 二子新地,神奈川県川崎市高津区二子2-1-4
牛狩（モーカル）～MOCAL～,神奈川県藤沢市鵠沼石上1-5-15
よこづな,神奈川県横浜市青葉区美しが丘1-12-3
ひつじの王様,神奈川県横浜市西区岡野2-1-21-4
カルビの王国センター南店,神奈川県横浜市都筑区茅ヶ崎中央7-13
蔵のカルビ寒川店,神奈川県高座郡寒川町宮山120-5
横濱慶州苑,神奈川県横浜市港北区新横浜2-5-16
食肉卸直営・黒毛牛専門北条焼肉センター 小田原店,神奈川県小田原市栄町1-14-54
炭火・七輪 ホルモン焼 珍満,神奈川県大和市南林間2-10-9
牛角港北ニュータウンセンター南店,神奈川県横浜市都筑区茅ヶ崎南5-1-48
食彩和牛 しげ吉はなれ,神奈川県大和市大和東3-7-11
吉の二 名物塩だれホルモン 溝の口,神奈川県川崎市高津区溝口2-3-6
海老名食堂,神奈川県海老名市中央1-7-1
韓の台所京急川崎店,神奈川県川崎市川崎区駅前本町21-1
BBQ DAYS 新百合ヶ丘エルミロード店,神奈川県川崎市麻生区上麻生1-4-1
食彩和牛 しげ吉横浜元町店,神奈川県横浜市中区石川町1-15
ひょうたん石川町店,神奈川県横浜市中区石川町1-13-8
銘柄豚サムギョプサル韓国料理千ちゃん 川崎,神奈川県川崎市川崎区砂子2-3-12
牛雅,神奈川県横浜市青葉区青葉台1-15-4
溝の口ドカンドカン酒場溝口西口商店街店,神奈川県川崎市高津区溝口2-7-15
ボンちゃん ベトナム料理,神奈川県小田原市栄町2-7-34
隠れ家個室 茶き茶き溝の口,神奈川県川崎市高津区溝口1-12-10
かやらん仲町台店,神奈川県横浜市都筑区仲町台2-1-12
韓国家庭料理・韓国居酒屋 ハンアリ,神奈川県厚木市中町2-1-22
海鮮居酒屋 はなの舞 二俣川南口店,神奈川県横浜市旭区二俣川2-62-7
国産黒毛和牛×韓国料理 濱や本館 関内,神奈川県横浜市中区常盤町6-76
あけぼの食堂,神奈川県横浜市神奈川区鶴屋町2-19
【個室完備】鮮魚と焼鳥ともつ焼きすみび 大和店,神奈川県大和市大和南1-2-12
豚まる,神奈川県藤沢市南藤沢23-10
食彩和牛 しげ吉 本厚木店,神奈川県厚木市泉町4-6
シュラスコ＆ビアレストラン ALEGRIA YOKOHAMA,神奈川県横浜市西区南幸2-13-22
シュラスコ＆ビアレストラン ALEGRIA みなとみらい,神奈川県横浜市中区本町6-50-10
ホルモン商事 寅や,神奈川県平塚市紅谷町14-3
やきにくガッッツ,神奈川県横浜市鶴見区鶴見中央4-18-5
シュラスコ＆ビアレストラン ALEGRIA 溝の口,神奈川県川崎市高津区溝口1-11-8
名物ホルモン 七輪もつ焼き 鉄ノ四 宮前平,神奈川県川崎市宮前区宮前平1-10-13
肉のとみい綱島店,神奈川県横浜市港北区綱島西2-6-20
牛兵衛 草庵京急上大岡店,神奈川県横浜市港南区上大岡西1-6-1
韓の台所新川通り店,神奈川県川崎市川崎区東田町1-2
炭焼きとワイン PEQUE【ペケ】新百合ヶ丘,神奈川県川崎市麻生区上麻生1-6-3
A5 黒毛和牛 別所 京城苑,神奈川県横浜市中区港町2-9-7
YAKINIKU 牛慶 ～ヤキニクウシヨシ～鷺沼店,神奈川県川崎市宮前区小台1-19-5
和牛×ワイン×肴飯－月の牛－二俣川,神奈川県横浜市旭区二俣川1-45-24
ふくひろ亭,神奈川県横浜市都筑区中川1-14-5
肉小僧 匠川崎西口店,神奈川県川崎市幸区中幸町3-28-1
李昇 馬車道店,神奈川県横浜市中区住吉町4-50
やきにくの快下大井店,神奈川県小田原市下大井433-4
かつくら東急たまプラーザ店,神奈川県横浜市青葉区美しが丘1-7
精肉店直営×宮崎牛焼肉シンセン 石川町,神奈川県横浜市中区吉浜町2-36
一入,神奈川県横浜市中区野毛町3-160-4
ホルモン亭大ちゃん本厚木,神奈川県厚木市旭町1-8-8
海老名食堂 ホルモン部,神奈川県伊勢原市石田326-1
ベトナム料理専門店サイゴン キムタン 川崎本店,神奈川県川崎市川崎区東田町4-7
ホルモン 藤つぼ,神奈川県横浜市西区高島2-6-41
食彩和牛 しげ吉湘南台店,神奈川県藤沢市湘南台2-4-4
Blue Dining Chigasaki （ブルーダイニング 茅ヶ崎）,神奈川県茅ヶ崎市常盤町6-54
食彩和牛 しげ吉戸塚,神奈川県横浜市戸塚区下倉田町202
焼売酒場 しげ吉 横浜西口一番街店,神奈川県横浜市西区南幸2-1-15
グリルド エイジング・ビーフ横浜店,神奈川県横浜市神奈川区鶴屋町2-15
韓ノどうらくみなとみらい店,神奈川県横浜市西区みなとみらい4-4-5
味の牛たん 喜助横浜ランドマーク店,神奈川県横浜市西区みなとみらい2-2-1
食彩和牛 しげ吉青葉台店,神奈川県横浜市青葉区若草台17-60
大衆すき焼き とみい,神奈川県横浜市港北区綱島西2-2-9
かやらん三ツ沢本店,神奈川県横浜市神奈川区三ツ沢下町2-14
ロクデナシ酒場,神奈川県横浜市中区野毛町2-78
みやだい倶楽部,神奈川県川崎市川崎区砂子1-8-8
韓国宮廷料理 ヨンドン本店,神奈川県藤沢市西富530-1
とび蔵本厚木駅前店,神奈川県厚木市中町2-1-1
亀戸ホルモン 横浜鶴屋町店,神奈川県横浜市神奈川区鶴屋町2-16-2
たまちゃん,神奈川県大和市大和東2-6-15
牛極,神奈川県厚木市旭町1-1-1
和牛肉刺しと網焼きichijiku（イチジク）日吉,神奈川県横浜市港北区日吉本町1-21-7
炭火ホルモン焼き酒場 恵の家,神奈川県川崎市多摩区登戸2662-2
国産牛食べ放題 牛仙元住吉,神奈川県川崎市中原区木月1-33-20
otoCono‐katte．（オトコノカッテ） 本厚木,神奈川県厚木市幸町4-6
大和 ホルモンセンター,神奈川県大和市大和東3-1-18
デジキューBBQテラスビナウォーク店,神奈川県海老名市中央1-6-1
野毛ゴールデンホルモン,神奈川県横浜市中区花咲町1-41
いが本舗岸根公園店,神奈川県横浜市港北区篠原町1103-36
本厚木ホルモンセンター,神奈川県厚木市泉町2-9
デジキューBBQテラス 本厚木ミロード店,神奈川県厚木市泉町1-1
いが本舗（旧：いがイガ）センター北店,神奈川県横浜市都筑区中川中央1-4-7
デジキューBBQテラス ドン・キホーテ溝ノ口駅前店,神奈川県川崎市高津区溝口1-13-5
ホルモンラボ NAIZOU研究所 横浜関内店,神奈川県横浜市中区相生町3-53
逗子海岸 海の家×BBQ ヴィヴィアナリゾートクラブ,神奈川県逗子市新宿1-2
ホルモン小泉 青葉台,神奈川県横浜市青葉区青葉台1-15-40
ホルモン屋だん 横浜桜木町店,神奈川県横浜市中区野毛町2-66
デジキューBBQテラス アリオ橋本店,神奈川県相模原市緑区大山町1-22
肉刺し酒場 和亭,神奈川県横浜市青葉区藤が丘2-4-5
島豚アグーと沖縄料理居酒屋あかゆら 武蔵小杉,神奈川県川崎市中原区小杉町3-1501-7
ホルモンごえん 野毛店,神奈川県横浜市中区宮川町3-65
牛タン専門店 濱たん（はまたん）新横浜,神奈川県横浜市港北区新横浜2-5-17
食べ放題・飲み放題 大好きや 平塚西口店,神奈川県平塚市紅谷町18-8
牛タン専門店 濱たん（はまたん）関内,神奈川県横浜市中区尾上町3-35
ズシサカバ アリア,神奈川県逗子市逗子2-6-31
アジアンダイニング＆BAR Lutina,神奈川県横浜市戸塚区品濃町550-7
Enfin【アンファン】炎の鉄板料理 × 本厚木リゾート,神奈川県厚木市旭町1-29-14
炭焼ホルモン濱蔵 戸塚店,神奈川県横浜市戸塚区戸塚町3949-1
やきにく 善～zen～ 肉と麦酒と日本酒,神奈川県海老名市中央3-2-15
やきにく 善～zen～ 肉と麦酒と日本酒,神奈川県海老名市中央3-2-15
厳選和牛×全席個室居酒屋 こすぎ畑,神奈川県川崎市中原区小杉町3-430-1
炭火焼 ホルモン・ジンギスカンたたら 横浜,神奈川県横浜市西区南幸1-10-18
THE BBQ BEACH in KAWASAKI LA CITTADELLA,神奈川県川崎市川崎区小川町1-18
大衆うなぎ酒場 B／FISH,神奈川県横浜市中区野毛町1-6
くいもの屋わんビナウォーク海老名店,神奈川県海老名市中央1-18-1
くいもの屋わん横須賀中央店,神奈川県横須賀市若松町2-4
くいもの屋わん金沢文庫店,神奈川県横浜市金沢区釜利谷東2-16-34
くいもの屋わん相模大野店,神奈川県相模原市南区相模大野3-12-15
横浜苑,神奈川県横浜市西区南幸1-2-9
串焼き市場,神奈川県平塚市明石町1-32
かやらんセンター南駅前店,神奈川県横浜市都筑区茅ヶ崎中央42-24
鉄板焼 にし田,神奈川県横浜市中区桜木町3-13-3
シュラスコ＆ビアレストラン ALEGRIA 海老名,神奈川県海老名市めぐみ町2-1
海の家 AOSHIRO RESORT,神奈川県藤沢市片瀬海岸2
BQーMARINA,神奈川県平塚市馬入2053
西洋軒,神奈川県横須賀市若松町1-10
Beach BBQ uminosugu,神奈川県鎌倉市由比ガ浜4
凪のラム屋,神奈川県川崎市川崎区東田町7-3
韓国料理 ソウル亭,神奈川県横浜市鶴見区鶴見中央4-12-8
シュラスコレストランビア＆バイキングALEGRIA 新横浜,神奈川県横浜市港北区新横浜3-17-15
弥栄 IYASAKA BRIGHT ZUSHI,神奈川県逗子市新宿1-3
大黒ふ頭海釣り公園 デイキャンプ＆BBQ GARDEN,神奈川県横浜市鶴見区大黒ふ頭20
LOCOHALOI,神奈川県藤沢市鵠沼海岸1-5218
はやとん家,神奈川県鎌倉市由比ガ浜4-12-30
GRUGRU 鶴ヶ峰BBQ GARDEN,神奈川県横浜市旭区鶴ケ峰1-12-29
THE WHARF HOUSE YAMASHITA KOEN,神奈川県横浜市中区山下町279
韓国家庭料理 さらん房,神奈川県横浜市青葉区美しが丘1-4-6
大衆酒場 藤沢ホルモン,神奈川県藤沢市南藤沢4-1
ホルモン酒場 丸笑（まるしょう）平塚,神奈川県平塚市明石町14-13
食べ放題・飲み放題 大好きや 新松田店,神奈川県足柄上郡松田町松田惣領1191
横濱ゴールデンホルモン,神奈川県横浜市西区南幸2-14-7
お好み焼 道とん堀 愛甲石田店,神奈川県伊勢原市石田326-1
もんじゃ横丁小田原店,神奈川県小田原市栄町2-9-19
あるぐるHOUSE,神奈川県鎌倉市由比ガ浜4
肉の佐藤 本厚木店,神奈川県厚木市中町2-4-14
ジンギスカン羊堂,神奈川県藤沢市辻堂元町1-1-31
BBQテラス サニーテーブル 茅ヶ崎,神奈川県茅ヶ崎市元町1-1
肉の佐藤 小田急相模原店,神奈川県相模原市南区松が枝町23-7
【飲み放題600円】和牛×牛タン 肉居酒屋 やまと 大和店,神奈川県大和市大和南1-2-13
名物ホルモン 七輪もつ焼き 二の鉄 溝の口,神奈川県川崎市高津区溝口2-7-10
牛たん炭焼 利久ルミネ横浜店,神奈川県横浜市西区高島2-16-1
味の牛たん喜助 横浜モアーズ店,神奈川県横浜市西区南幸1-3-1
THE BBQ GARDEN in 横浜ジョイナス,神奈川県横浜市西区南幸1-5-1
塩ホルモン・もつ鍋 平塚 伊ざわ,神奈川県平塚市紅谷町15-4
北とうがらし溝ノ口店,神奈川県川崎市高津区二子5-5-24
ＢＢＱ太郎 横浜店,神奈川県鎌倉市関谷770
横浜 鉄板焼＆ステーキ 祥鳳,神奈川県横浜市西区南幸2-17-8
ジンギスカン羊DEL,神奈川県川崎市川崎区砂子2-8-1
もつ家大西 鹿島田店,神奈川県川崎市幸区下平間115-10
味の牛たん 喜助 グランツリー武蔵小杉,神奈川県川崎市中原区新丸子東3-1135
新横浜鉄板焼き 牛鳴,神奈川県横浜市港北区新横浜2-5-13
大黒や ジョイナステラス二俣川店,神奈川県横浜市旭区二俣川2-91-7
鉄板焼 勝治,神奈川県横浜市戸塚区川上町193-2
もつ焼き19番,神奈川県相模原市南区相模大野6-14-7
NANBU BBQ PARK ～南部肉場店～,神奈川県横浜市金沢区鳥浜町1-1
Roins beach house,神奈川県藤沢市片瀬海岸3-2932
生簀と七輪 酒房 丸順,神奈川県海老名市中央1-14-26
マッコリ10種飲み放題 韓国風居酒屋 オソオセヨ たまプラーザ,神奈川県横浜市青葉区美しが丘1-10-8
すすきのジンギスカン 関内店,神奈川県横浜市中区太田町1-18
名物ホルモン 七輪もつ焼き 鉄 溝の口,神奈川県川崎市高津区溝口1-12-2
横浜 鉄板焼き 牛鳴,神奈川県横浜市神奈川区鶴屋町2-9-10
韓無量小田原店,神奈川県小田原市栄町2-8-8
全席個室焼肉・ホルモン座 ちからや 総本店,神奈川県横浜市西区南幸2-5-4
哲 鉄板ダイニングTETSU,神奈川県横浜市中区太田町2-21-2
Captain’s Grill and Bar,神奈川県川崎市川崎区殿町3-25-11
コリアンダイニングＳＥＯＵＬ ＧＡＴＥ藤沢,神奈川県藤沢市鵠沼橘1-3-16
溶岩焼きグリルと世界のワイン 肉助 上大岡店,神奈川県横浜市港南区上大岡東2-2-1
酒楽酒酒酒 蔵,神奈川県川崎市中原区小杉町3-258
鉄板焼お好み焼 けんけんぱ和田町本店,神奈川県横浜市保土ケ谷区仏向町20
居酒屋 一休,神奈川県川崎市幸区下平間111
個室ダイニング 韓国料理KOUYA‐倖屋‐,神奈川県川崎市高津区下作延2-7-24
季節の野菜と厳選名酒bar cinta 二俣川,神奈川県横浜市旭区二俣川1-45-65
BBQ太郎 神奈川湘南店,神奈川県茅ヶ崎市今宿263-5
津久井,神奈川県鎌倉市御成町11-7
八郎酒場 新百合ヶ丘店,神奈川県川崎市麻生区万福寺1-1-2
八郎酒場 野毛宮川町店,神奈川県横浜市中区宮川町2-15
関内もつ肉店,神奈川県横浜市中区真砂町4-45
牛タン焼専門店 司 分店鷹 川崎店,神奈川県川崎市川崎区砂子2-10-1
綱島 牛タンいろ葉,神奈川県横浜市港北区綱島西1-6-17
大和町もつ肉店,神奈川県横浜市中区大和町1-2-5
ステーキハウス 優味,神奈川県小田原市栄町1-5-18
動物園通り もつ肉店,神奈川県横浜市中区花咲町2-62-10
ラグナスイート新横浜,神奈川県横浜市港北区新横浜2-6-6
にく野郎 中央林間,神奈川県大和市中央林間3-3-6
肉問屋直営黒毛和牛全品食べ飲み放題 牛若丸 武蔵小杉店,神奈川県川崎市中原区小杉町3-442-15
韓国ダイニング ヤンニョム,神奈川県横浜市保土ケ谷区天王町1-7-6
ベトナムの食卓 HOAHOA 日吉本店,神奈川県横浜市港北区日吉本町1-4-25
荒井屋 そごう横浜店,神奈川県横浜市西区高島2-18-1
千房そごう横浜店,神奈川県横浜市西区高島2-18-1
完全個室完備 新鮮手打ちもつ焼きじんべえ 新横浜店,神奈川県横浜市港北区新横浜2-4-4
北海道シントク町 塚田農場エキニア横浜店,神奈川県横浜市西区北幸1-1-8
立ち食いしゃぶしゃぶ＆ホルモン焼き 赤星 上大岡,神奈川県横浜市港南区上大岡西1-13-19
CHARCOAL STAND NOGE（チャコールスタンド ノゲ）,神奈川県横浜市中区野毛町2-79
日本料理 中津川,神奈川県厚木市中町2-13-1
叶屋 ～肉と燻製～,神奈川県横浜市磯子区杉田2-2-14
鉄板焼 katakago,神奈川県川崎市川崎区小川町13-20
鉄板居酒屋 たいよう,神奈川県川崎市中原区木月2-5-14
ラム新横浜,神奈川県横浜市港北区新横浜2-6-18
八郎スター酒場 関内,神奈川県横浜市中区羽衣町2-6-1
御曹司 きよやす邸鎌倉プリンスホテル店,神奈川県鎌倉市七里ガ浜東1-2-18
霧島豚レタしゃぶの店 酒房 いせき,神奈川県相模原市中央区相模原2-3-5
青の隠れ家個室イタリアンアモーレ 川崎店,神奈川県川崎市川崎区駅前本町2-1
江の島海の家ちょっとヨットビーチハウス,神奈川県藤沢市片瀬海岸1-15
牛たん炭焼 利久ラゾーナ川崎店,神奈川県川崎市幸区堀川町72-1
大衆食堂2．0とぽす エキュート横浜,神奈川県横浜市西区高島2-16-1
DREAM DOORYOKOHAMA HAMMERHEAD,神奈川県横浜市中区新港1-3
鉄板焼 一如（いちにょ）横浜,神奈川県横浜市西区北幸2-12-26
ＭＡＮＧＩＡ ＭＡＮＧＩＡ横浜ランドマークタワー店,神奈川県横浜市西区みなとみらい2-2-1
肉ビストロ居酒屋 BISON 本厚木店,神奈川県厚木市泉町2-1
銀だこハイボール酒場 アトレ大船店,神奈川県鎌倉市大船1-1-1
横浜ワインバル 青木酒店 鶴屋町店,神奈川県横浜市神奈川区鶴屋町2-16-2
ワインと炭火焼 harao,神奈川県川崎市中原区木月2-9-7
肉割烹 丹屋～たんや～横浜関内馬車道,神奈川県横浜市中区相生町4-69-1
鉄板焼料理 美安 横浜,神奈川県横浜市中区太田町2-31-2
HEMINGWAY江ノ島 HANARE,神奈川県藤沢市片瀬海岸2-16-20
LuxuryTerrace＆BBQ YOSHIKO,神奈川県横浜市西区岡野1-9-7
ヒジテツ 伊勢佐木町店,神奈川県横浜市南区永楽町2-26
横浜ベイクォーター BBQビアガーデン,神奈川県横浜市神奈川区金港町1-10
アニバーサリークルーズみなとみらい,神奈川県横浜市西区みなとみらい1-3
横浜 鉄板焼き WAGYU LIVERARY,神奈川県横浜市神奈川区鶴屋町2-16-2
逗子海岸海の家 SeasideLiving,神奈川県逗子市新宿2-10-18
アニバーサリークルーズみなとみらい,神奈川県横浜市西区みなとみらい1-3
韓国本場自家製キムチ＆海苔巻き専門店 キムキム,神奈川県大和市下和田605
ザッツ,神奈川県横浜市中区元町2-80
HEMINGWAY 江ノ島,神奈川県藤沢市片瀬海岸1-12-4
芝浦食肉 戸塚西口店,神奈川県横浜市戸塚区戸塚町104
お好み焼きBAR 中村酒店,神奈川県横須賀市汐入町2-35
『PREMIERE YOKOHAMAの庭～空と大地の恵みとBBQ～』,神奈川県横浜市都筑区中川中央1-30-1
月島もんじゃ くう川和町駅前店,神奈川県横浜市都筑区川和町1236-1
焼き鳥×焼きとん×煮込み はじめ商店,神奈川県大和市大和東2-2-15
平塚居酒屋 にかいのおく,神奈川県平塚市紅谷町18-6
ステーキ＆チーズ酒場 レッドコング,神奈川県横浜市中区野毛町2-78
お好み焼き・もんじゃ焼き くるり,神奈川県平塚市八重咲町22-22
居酒屋もつ昇 横須賀中央店,神奈川県横須賀市若松町1-11-5
生牡蠣と極み牛タン RAKUGAKI 横浜鶴屋町店,神奈川県横浜市神奈川区鶴屋町2-16-4
鉄板焼 Ｓ,神奈川県川崎市幸区堀川町72-1
IZAKAYA EGACHO（居酒屋えがちょ） 日吉店,神奈川県横浜市港北区日吉2-6-27
鉄板焼お好み焼けんけんぱ鶴ヶ峰店,神奈川県横浜市旭区鶴ケ峰2-3-3
銀だこ酒場 元住吉店,神奈川県川崎市中原区木月1-31-1
鉄板焼き ななつぼ井土ヶ谷店,神奈川県横浜市南区南太田4-2-1
横浜瀬里奈 ステーキドーム,神奈川県横浜市中区弁天通5-70
弘明寺ホルモン yawd,神奈川県横浜市南区弘明寺267
鶏刺身、九州料理、炭火焼 うえちゃん,神奈川県川崎市高津区下作延1-3-1
炭火焼 にはちや 元住吉店,神奈川県川崎市中原区木月1-32-5
炭火焼ハンバーグレストラン ぶる中山店,神奈川県横浜市緑区台村町352-1
貸切ビアガーデンテラスと本格ステーキバルクビーフ横浜本店,神奈川県横浜市西区岡野1-17-12
銀だこハイボール酒場 桜木町クロスゲート店,神奈川県横浜市中区桜木町1-101-1
鉄板焼き Italian Dining Bar 焔 HOMURA,神奈川県横須賀市米が浜通1-17
時間無制限 食べ飲み放題 165種 個室居酒屋匠 溝の口店,神奈川県川崎市高津区溝口1-12-5
炭火とおばんざい きむら屋,神奈川県川崎市中原区小杉町3-430-4
時間無制限 食べ飲み放題 165種 個室居酒屋匠 溝の口店,神奈川県川崎市高津区溝口1-12-5
【全席個室】牛タン×個室居酒屋くろさわ 横浜西口店,神奈川県横浜市神奈川区鶴屋町2-23-8
野菜巻き串と煮込み ヨイトヤ 相模大野,神奈川県相模原市南区相模大野6-14-8
炊き餃子とプレス焼き満月Do～マンゲツドゥー～,神奈川県川崎市中原区新丸子東1-983-5
ZAIMOKUZA BEACH HOUSE〜La Tika〜,神奈川県鎌倉市材木座5
マリブキッチン 由比ヶ浜,神奈川県鎌倉市由比ガ浜4
お好み焼き鉄板焼き よし田,神奈川県横浜市港南区上大岡西1-14-8
炭火焼 との山,神奈川県鎌倉市大船1-20-14
銀だこハイボール酒場 関内店,神奈川県横浜市中区常盤町3-24
隠れダイニング伝‐DEN‐,神奈川県川崎市高津区溝口1-11-22
ラクレットチーズ×肉バル大和ロッジ,神奈川県大和市中央4-1-23
和房鉄板 榛,神奈川県小田原市栄町2-1-20
フォルクス大和店,神奈川県大和市深見台1-1-3
蒸気屋 角打ち,神奈川県横浜市中区野毛町2-78
薩摩焼酎と鹿児島郷土料理ぶぅ屋（ぶぅや）上大岡駅前店,神奈川県横浜市港南区上大岡西1-4-16
【全席喫煙可】カラアゲサカバスミチャン 大和×居酒屋,神奈川県大和市中央2-4-18
そば 酒肴 鵠庵,神奈川県藤沢市南藤沢3-6
手包み餃子×ネオ台湾酒場ジャッキー餃子楼 川崎駅前店,神奈川県川崎市川崎区砂子1-1-3
焼き鳥居酒屋 鳥清中央林間店,神奈川県大和市中央林間5-1-6
1983 ～燻製とクラフトビールのお店～ 茅ヶ崎,神奈川県茅ヶ崎市新栄町9-7
釜焼きピザ×肉バル DON NAPOLI（ドンナポリ）茅ヶ崎,神奈川県茅ヶ崎市新栄町5-3
木村屋本店 二俣川,神奈川県横浜市旭区二俣川1-45
ネオ個室居酒屋 クルミ堂 横浜店,神奈川県横浜市神奈川区鶴屋町2-23-8
藩次郎,神奈川県川崎市中原区新城3-7-4
バルスタイル Pakino 裏戸塚,神奈川県横浜市戸塚区戸塚町4897
鉄板焼・しゃぶしゃぶ迎賓館,神奈川県足柄下郡箱根町二ノ平1297
博多酒場・もつ鍋・水炊き  極 桜木町店,神奈川県横浜市中区花咲町2-68
貸切宴会×完全個室×138種食べ放題慶華楼横浜中華街,神奈川県横浜市中区山下町143
鉄板ビストロ comichi,神奈川県逗子市逗子7-1-60
フォルクス座間店,神奈川県座間市相模が丘1-31-17
鉄板ビストロ comichi,神奈川県逗子市逗子7-1-60
鉄板ダイニング 籠‐komori‐裏戸塚,神奈川県横浜市戸塚区戸塚町4789-6
個室中華 杏花楼百合丘店,神奈川県川崎市麻生区百合丘1-23-4
団欒 炎二俣川北口店,神奈川県横浜市旭区二俣川1-45-18
牛タン 木村屋溝の口すずらん通り,神奈川県川崎市高津区溝口1-11-20
牛タン専門×全席個室居酒屋うま囲 藤沢駅南口店,神奈川県藤沢市南藤沢3-4
肉バルD．U．M．B．O（ダンボ）横浜みなとみらい東急スクエア店,神奈川県横浜市西区みなとみらい2-3-8
ワインバル 青木酒店横浜西口店,神奈川県横浜市西区南幸2-6-1
横浜 BBQ スリーモンキーズテラス横浜関内店,神奈川県横浜市中区末広町3-95
フォルクス相模原店,神奈川県相模原市中央区中央2-1-1
おふくろの味 浜や鴨居,神奈川県横浜市緑区鴨居1-15-2
やきとり道場 さくら長津田南口店,神奈川県横浜市緑区長津田5-3-7
全席個室 特選日本酒×焼き鳥居酒屋鶏のまるよし 川崎駅前店,神奈川県川崎市川崎区砂子1-1-8
炭火 はじめ,神奈川県相模原市緑区橋本3-13
もつ関ちゃん登戸駅前,神奈川県川崎市多摩区登戸3416-1
火鍋サワーと五色小籠包福包酒場 茅ヶ崎店,神奈川県茅ヶ崎市新栄町5-3
食べ飲み放題 全130種 居酒屋 すみび大和店,神奈川県大和市大和南1-2-12
中華居酒屋 彩関内,神奈川県横浜市中区真砂町3-32
炭火焼鳥 やまむら,神奈川県大和市大和東1-7-24
デジキューBBQテラス横須賀モアーズシティ店,神奈川県横須賀市若松町2-30
フォルクス鶴見寺尾店,神奈川県横浜市鶴見区諏訪坂5-37
黒毛和牛と牛タン専門 個室居酒屋Kurosawa 横浜駅店,神奈川県横浜市神奈川区鶴屋町2-23-8
銀だこ酒場 綱島店,神奈川県横浜市港北区綱島西1-9-9
もんじゃ・お好み焼 もじや本店,神奈川県横浜市都筑区仲町台1-7-11
お好み焼 城山,神奈川県横浜市都筑区東山田3-17-7
炭火酒場 B102号室,神奈川県川崎市高津区溝口1-12-14
フォルクス港南台店,神奈川県横浜市港南区日野南1-1-31
もんじゃ・お好み焼 もじや センター南TB店,神奈川県横浜市都筑区茅ヶ崎中央11-5
EAST WOOD,神奈川県川崎市川崎区小川町3-3
お好み焼 城山,神奈川県横浜市都筑区東山田3-17-7
炭火酒場 B102号室,神奈川県川崎市高津区溝口1-12-14
Plancha L THE YOKOHAMA FRONT,神奈川県横浜市神奈川区鶴屋町1
フォルクス戸塚西店,神奈川県横浜市戸塚区汲沢町1170
横浜ビアホール×BBQ KIMURAYA,神奈川県横浜市神奈川区鶴屋町2-15
半個室×ステーキ＆ハンバーグSTEAK HOUSE sandbar 辻堂海岸,神奈川県藤沢市辻堂東海岸1-12-27
チーズの海に溺れたい 大和店,神奈川県大和市中央4-1-23
やきとり工房武蔵小杉店,神奈川県川崎市中原区小杉町1-403
超居酒屋 生キン,神奈川県横浜市戸塚区品濃町543-6
2000円食べ放題飲み放題 居酒屋おすすめ屋 横浜店,神奈川県横浜市神奈川区鶴屋町2-23-8
地鶏家 萬丸関内店,神奈川県横浜市中区相生町2-50
お好み焼き 杏子,神奈川県横浜市都筑区中川中央1-37-6
フォルクス港北ニュータウン店,神奈川県横浜市都筑区茅ヶ崎南5-26-36
鮨 炉端焼 日本酒 六方ほんてん,神奈川県海老名市中央1-8-1
和牛肉バル Cabrio（カブリオ）藤沢,神奈川県藤沢市南藤沢4-2
鉄板焼レストラン八景,神奈川県横浜市金沢区福浦1-1-1
串焼 ちゃぼ蔵,神奈川県横浜市神奈川区西神奈川1-6-1
肉の溶岩グリル＆横浜地野菜 H．B’s nest 貸切,神奈川県横浜市中区山下町2
野毛焼きそばセンター まるき野毛本店,神奈川県横浜市中区宮川町2-29-1
旨いさかなと純米酒 わいち,神奈川県横浜市港北区綱島西1-2-12
御喜元お台所 鶴見 がちゃぴん,神奈川県横浜市鶴見区鶴見中央1-3-3
炉ばた 藤十郎,神奈川県茅ヶ崎市共恵1-1-15
まぐろ居酒屋 さかなや道場京急久里浜店,神奈川県横須賀市久里浜1-5-4
BACK YARD ‐Brooklyn Park Yokohama‐,神奈川県横浜市西区南幸2-15-13
横濱うし処  牛味蔵 横浜スカイビル店,神奈川県横浜市西区高島2-19-12
クラフトビアホール モスプレミアム桜木町クロスゲート店,神奈川県横浜市中区桜木町1-101-1
ひじてつ 元町店,神奈川県横浜市中区山下町161-10-16
御気楽お台所 たまぷら はらペコッ,神奈川県横浜市青葉区美しが丘2-15-4
たこ焼き・お好み焼き食べ放題×半個室たこやき番長 関内店,神奈川県横浜市中区常盤町1-4-2
CHUTNEY Asian Ethnic Kitchen,神奈川県横浜市神奈川区金港町1-10
BACK YARD Roof Garden Minatomirai,神奈川県横浜市中区新港2-2-1
釜めしと鉄板酒家 三好屋,神奈川県南足柄市飯沢4-1
もつ専門店 彩川崎駅東口店,神奈川県川崎市川崎区東田町4-10
ステーキハウス金井 小田原駅前店,神奈川県小田原市栄町2-1-29
お好み焼き・食べ放題若竹川崎モアーズ店,神奈川県川崎市川崎区駅前本町7-7
野毛焼きそばセンターまるき野毛一番街店 はなれ,神奈川県横浜市中区野毛町1-52
食べ飲み放題 鉄板焼き酒場 だしや大船店,神奈川県鎌倉市大船1-5-6
黒毛和牛もつ鍋と新鮮手打ちもつ焼きじんべえ 川崎,神奈川県川崎市川崎区砂子2-9-11
【個室完備】炭火焼き鳥と京出汁おでん三蔵 川崎本店,神奈川県川崎市川崎区砂子2-4-18
Steak＆Hamburg Amagi ～あまぎ～,神奈川県横浜市鶴見区鶴見中央4-29-10
もつ焼きごえん,神奈川県横浜市戸塚区品濃町515-1
横濱モダン焼 重,神奈川県横浜市神奈川区鶴屋町2-11-4
大和倶楽部,神奈川県大和市大和東1-3-6
エビス 市が尾総本店,神奈川県横浜市青葉区市ヶ尾町1054-8
プーケットオリエンタル 横浜駅店,神奈川県横浜市西区北幸2-6-5
横浜高島屋ビアガーデン 星空GRILL,神奈川県横浜市西区南幸1-6-31
American Bar＆Grill Wood Stock 川崎,神奈川県川崎市川崎区東田町2-7
屋根裏お台所 隠れ家 とと炉溝の口店,神奈川県川崎市高津区溝口1-15-8
釜炊きごはんと熟成ステーキ フジタ二子新地店,神奈川県川崎市高津区諏訪1-4-1
個室で味わう肉寿司と朝どれ鮮魚にくと魚 川崎駅前店,神奈川県川崎市川崎区砂子1-1-8
日吉 日本酒 いろり屋金魚,神奈川県横浜市港北区日吉本町1-4-25
横浜焼きそばセンター まるき,神奈川県横浜市西区高島2-14-9
宮崎県日南市 塚田農場上大岡店,神奈川県横浜市港南区上大岡西1-16-25
日本料理いちふじ,神奈川県平塚市明石町10-2
宮崎県日南市 塚田農場横浜西口店,神奈川県横浜市西区北幸1-1-5
藤沢南口やきとん,神奈川県藤沢市南藤沢23-1
肉×海鮮 鉄板焼まんまる亭,神奈川県横浜市港南区上大岡西1-11-2
酒処 酔為,神奈川県平塚市紅谷町17-17
宮崎県日南市 塚田農場川崎たちばな通り店,神奈川県川崎市川崎区砂子2-4-18
割烹 乃月（旧：割烹 山田屋）横浜・関内弁天通【ふぐ・うなぎ】,神奈川県横浜市中区弁天通2-34-2
宮崎県日南市 塚田農場川崎たちばな通り店,神奈川県川崎市川崎区砂子2-4-18
炭火焼居酒屋 焼天狗（やきてんぐ）藤沢南口,神奈川県藤沢市鵠沼石上1-4-2
火鍋×担々麺専門店 天府野毛店,神奈川県横浜市中区野毛町1-51
大衆食堂2．0 とぽす,神奈川県横浜市中区桜木町1-1
囲炉裏と個室 火囲炉‐HERO‐ 橋本店,神奈川県相模原市緑区橋本3-29-2
Dining Bar Resort Sky 本厚木BBQ×ビアガーデン,神奈川県厚木市中町2-10-4
黒ぶたやルミネ横浜店,神奈川県横浜市西区高島2-16-1
ごう川崎本店,神奈川県川崎市川崎区砂子2-6-4
2000円食べ飲み放題生つくねと焼鳥個室居酒屋はなこま川崎店,神奈川県川崎市川崎区砂子2-6-7
焼鳥と鮮魚が旨い大衆酒場福田 新横浜店,神奈川県横浜市港北区新横浜3-17-15
肉食べ放題BBQビアガーデンアトレ川崎店,神奈川県川崎市川崎区駅前本町26-1
情熱生産者＆上大岡民 ＆家,神奈川県横浜市港南区上大岡西1-19-1
肉料理 しゃぶしゃぶダイニング なか仲 相模原店,神奈川県相模原市中央区相模原4-5-3
炭火串焼と旬野菜 きわみ,神奈川県川崎市中原区小杉町3-430
OCTAGON横浜,神奈川県横浜市中区野毛町1-4
食べ飲み放題2500円165種MEAT酒場マルシェ 溝の口,神奈川県川崎市高津区溝口1-12-5
鹿児島県霧島市 塚田農場橋本店,神奈川県相模原市緑区橋本3-14-13
スミビトケムリ 関内店,神奈川県横浜市中区真砂町3-32
肉割烹 ささえ,神奈川県川崎市高津区久本2-1-1
メシとテッパンATOCHI （旧：GREEN BOWL）,神奈川県横浜市中区太田町1-20
横浜 なだ万,神奈川県横浜市西区みなとみらい1-1-1
もつ焼き しげ吉,神奈川県大和市大和南1-2-9
武蔵小杉のもつ屋 じゅうに12,神奈川県川崎市中原区新丸子東2
全品300円 中華酒場 三百楽藤沢店,神奈川県藤沢市鵠沼石上1-4-6
馬車道 タップルーム,神奈川県横浜市中区住吉町5-63-1
横浜完全個室 満月はなれ,神奈川県横浜市西区南幸2-10-17
全席個室 野菜巻き串牛タン割烹 やまと 武蔵小杉店,神奈川県川崎市中原区小杉町3-442-15
牛たん ひらつか本店,神奈川県平塚市宝町5-28
虎幻庭 KOGENTEY横浜,神奈川県横浜市神奈川区鶴屋町1-7-1
宮崎県日南市 塚田農場武蔵小杉北口店,神奈川県川崎市中原区小杉町1-403
鉄板焼き  INAGAKI亭,神奈川県茅ヶ崎市浜竹4-1-73
ダーツカフェレストラン カシュ‐カシュ,神奈川県川崎市川崎区大師本町1-17
鉄板焼 美安 川崎,神奈川県川崎市川崎区砂子2-9-1
牛たん居酒屋 永助戸塚店,神奈川県横浜市戸塚区戸塚町8
川崎日航ホテルカフェレストラン ナトゥーラ,神奈川県川崎市川崎区日進町1
かにと海鮮 北海道藤沢駅前店,神奈川県藤沢市南藤沢2-1-2
萬丸 上ノ間,神奈川県横浜市中区住吉町2-26
三代目文治 コースカベイサイドストアーズ店,神奈川県横須賀市本町2-1-12
生牡蠣と極み牛タン RAKUGAKI 関内店,神奈川県横浜市中区真砂町2-12
村木屋 本店,神奈川県横浜市西区南幸1-2-1
ホルモン専門店 幸喜屋関内馬車道店,神奈川県横浜市中区相生町2-50
炭火焼鳥 塚田農場 横浜南幸店,神奈川県横浜市西区南幸2-9-17
炭火Roast ‐RED GRAFFITI‐,神奈川県横浜市西区高島2-14-9
鉄板焼 ぼんの桜木町店 ≪徳島県産食材使用≫,神奈川県横浜市中区花咲町3-87
横浜割烹 至誠関内 馬車道,神奈川県横浜市中区真砂町4-43
海上ビアガーデンBBQ ヘミングウェイ 横浜,神奈川県横浜市西区みなとみらい2-1-1
八剣伝 辻堂駅前店,神奈川県藤沢市辻堂2-1-7
肉ビストロ＆ダイニングひなた 関内店,神奈川県横浜市中区常盤町2-14
出世居酒屋 いっすんぼうし 天王町本店,神奈川県横浜市保土ケ谷区神戸町4-3
2000円食べ飲み放題 焼鳥 焼きとん 餃子 大将 横浜店,神奈川県横浜市西区南幸1-5-30
仙台牛タンと焼き鳥食べ放題完全個室居酒屋 タン治郎 川崎店,神奈川県川崎市川崎区砂子2-6-7
北の味紀行と地酒北海道横浜天理ビル店,神奈川県横浜市西区北幸1-4-1
べったこ亭仲町台店,神奈川県横浜市都筑区仲町台1-2-26
北の味紀行と地酒 北海道溝の口駅前店,神奈川県川崎市高津区溝口1-1-3
炭火居酒屋 焼天狗湘南台店,神奈川県藤沢市湘南台1-15-22
バーベキュー スカイテラス横浜関内セルテ店,神奈川県横浜市中区真砂町3-33
九州うまいもんと焼酎芋蔵桜木町クロスゲート 店,神奈川県横浜市中区桜木町1-101-1
九州料理 野菜串ともつ鍋 ゑびす屋個室居酒屋 藤沢駅前店,神奈川県藤沢市南藤沢2-1-1
アカマル屋川崎東口店,神奈川県川崎市川崎区砂子2-3-10
潤,神奈川県横浜市港北区新横浜1-11-4
和食居酒屋 燿（かがやき）全席個室×海鮮×飲み放題,神奈川県厚木市中町2-4-14
Hokkaido Gourmet Dining北海道 横浜スカイビル店,神奈川県横浜市西区高島2-19-12
炭焼漁師小屋料理川崎銀柳街入口のひもの屋,神奈川県川崎市川崎区砂子2-4-8
八剣伝 吉野町店,神奈川県横浜市南区吉野町2-6-5
鳥波 TORINAMI,神奈川県藤沢市鵠沼石上1-4-3
炭火焼 火乃酉～ひのとり～ 新杉田店,神奈川県横浜市磯子区新杉田町7-14
虎幻庭関内店,神奈川県横浜市中区住吉町2-27
餃子酒場 肉汁とっつぁん 川崎店,神奈川県川崎市川崎区砂子2-5-23
CHARCOAL STAND BENTEN（ベンテン）,神奈川県横浜市中区弁天通2-30
北の味紀行と地酒 北海道武蔵小杉タワープレイス店,神奈川県川崎市中原区小杉町1-403
新生 元海登戸本店,神奈川県川崎市多摩区登戸3288
ホルモン・もつ鍋専門店源丸 小田原栢山店,神奈川県小田原市栢山375-2
八剣伝 川崎尻手駅前店,神奈川県川崎市幸区南幸町3-105-10
鉄板焼 Dining 築～TSUKI～,神奈川県横須賀市汐入町2-44-1
四川 福建料理 福盛楼,神奈川県横浜市中区山下町191-4
【個室完備】沖縄料理 きちんと 橋本店,神奈川県相模原市緑区橋本6-2-3
三代目網元 さかなや道場新松田駅前店,神奈川県足柄上郡松田町松田惣領字張間田下1347-4
ステーキハウス 響 小田原,神奈川県小田原市栄町2-7-7
楽しい酒場 八鮮食堂,神奈川県大和市大和東1-2-7
北の味紀行と地酒 北海道川崎駅前店,神奈川県川崎市川崎区駅前本町12-1
食べ飲み放題 もんじゃ酒場 だしや本厚木店,神奈川県厚木市中町2-1-18
肉と焚火イタリアンBambu due［バンブゥドゥーエ］ 溝の口,神奈川県川崎市高津区溝口1-18-7
たん家 湘太 茅ヶ崎店,神奈川県茅ヶ崎市幸町2-10
炭焼四季 鳥しるべ,神奈川県横浜市中区弁天通2-30
食べ飲み放題 もんじゃ酒場だしや横浜西口南幸店,神奈川県横浜市西区南幸2-9-17
個室居酒屋 産直素材 粋 ‐iki‐相模原駅前店,神奈川県相模原市中央区相模原3-8-25
カジュアル中華バル×手作り餃子猪八戒の台所 川崎西口,神奈川県川崎市幸区中幸町3-28
お好み焼き ポン吉本店,神奈川県横浜市中区若葉町2-21
湘南藤沢×天空のカフェ 3＋3CAFE,神奈川県藤沢市本町1-12-17
食べ飲み放題 もんじゃ酒場 だしや川崎店,神奈川県川崎市川崎区砂子1-2-21
彩の紀,神奈川県川崎市高津区溝口2-12-10
全席個室 博多焼き鳥灯 －AKARI － 武蔵小杉店,神奈川県川崎市中原区新丸子町760
お好み焼き・食べ放題 若竹鶴見東口店,神奈川県横浜市鶴見区鶴見中央1-5-5
海底撈火鍋 川崎店,神奈川県川崎市川崎区駅前本町7-4
串車力武蔵小杉店,神奈川県川崎市中原区新丸子町915-42
もんじゃ横丁戸塚店,神奈川県横浜市戸塚区戸塚町3956
宴会個室×炭火焼鳥炭火工房 あさば 川崎西口店,神奈川県川崎市幸区南幸町2-18-10
鉄板処TETSU （徹）,神奈川県横浜市戸塚区品濃町541-3
FLOWS GRILL ｜ BAR ジ アウトレット湘南平塚,神奈川県平塚市大神8-1-1
improve（インプルーブ）湘南台湘南野菜イタリアン,神奈川県藤沢市湘南台2-5-10
しり鳥商店 藤沢南口店,神奈川県藤沢市南藤沢2-10
京の台所 蒼い月,神奈川県厚木市旭町1-33-8
海鮮居酒屋 涛司（とうじ）大船店,神奈川県鎌倉市大船1-22-2
いちおみ,神奈川県横浜市港南区日野1-8-22
横浜アカマル屋 西口本店,神奈川県横浜市西区南幸2-6-7
元祖ニュータンタンメン本舗京町店,神奈川県川崎市川崎区京町1-18-7
沖縄酒場じゅにまーる×八郎酒場×三崎まぐろtunaがる,神奈川県横浜市中区花咲町1-39-7
肉問屋直送精肉屋 横須賀中央駅前店,神奈川県横須賀市若松町2-7-7
創作鉄板串焼 ポン吉関内店,神奈川県横浜市中区常盤町3-21
オールデイダイニング Terrace and Table,神奈川県川崎市幸区大宮町1-5
The3rd．Kamakura,神奈川県鎌倉市小町2-7-32
夜ノ森川崎,神奈川県川崎市川崎区砂子2-11-20
ビストロ Kurosawa,神奈川県川崎市中原区小杉町1-403
ベトナム居酒屋さるちゃん,神奈川県横浜市旭区中尾2-2-18
まぐろ食堂 七兵衛丸,神奈川県三浦市三崎5-5-4
元祖ニュータンタンメン本舗横浜店,神奈川県横浜市西区南幸2-11-7
元祖ニュータンタンメン本舗鶴見店,神奈川県横浜市鶴見区豊岡町18-9
松虎亭,神奈川県川崎市高津区溝口2-9-10
元祖ニュータンタンメン本舗 新城店,神奈川県川崎市中原区上新城2-11-26
トラットリア オイノス 新横浜,神奈川県横浜市港北区新横浜2-5-17
四季彩,神奈川県横浜市港北区新横浜2-3-3
居酒屋 則（すなわち）,神奈川県横浜市磯子区杉田4-4-14
BEEF KITCHEN STAND（ビーフキッチンスタンド）野毛一番街店,神奈川県横浜市中区野毛町1-52
お肉料理と鎌倉野菜 KAIZOKU,神奈川県鎌倉市大船1-20-18
元祖ニュータンタンメン本舗 登戸店,神奈川県川崎市多摩区登戸2422-3
サンアロハみなとみらい本店,神奈川県横浜市中区海岸通1-1
居酒屋 韓国村,神奈川県川崎市川崎区砂子2-9-2
串の坊,神奈川県横浜市磯子区新杉田町3-6
元祖ニュータンタンメン本舗綱島店,神奈川県横浜市港北区綱島西1-7-11
三崎まぐろ専門店 Tunaがる～ツナガル～桜木町野毛,神奈川県横浜市中区野毛町1-1-4
コチュジャン,神奈川県横浜市青葉区市ヶ尾町1153-2
ふか川,神奈川県川崎市多摩区登戸2519-7
海鮮居酒屋 北の漁場,神奈川県横浜市戸塚区原宿4-13-2
同發 別館,神奈川県横浜市中区山下町148
紅太陽,神奈川県藤沢市藤沢4-1-6
ビストロ 然 ZEN,神奈川県相模原市南区相模大野8-3-7
酒菜肉匠 ふるや,神奈川県横浜市戸塚区戸塚町4786
酒菜の隠れ家 月あかり逗子店,神奈川県逗子市逗子5-2-47
せんざん相模原店,神奈川県相模原市中央区相生1-1
こだわりの個室でおもてなし食楽厨房 センター南店,神奈川県横浜市都筑区茅ヶ崎中央43-9
村木屋はなれ,神奈川県横浜市神奈川区鶴屋町2-16-6
松屋白楽店,神奈川県横浜市神奈川区白楽118
松屋東神奈川店,神奈川県横浜市神奈川区西神奈川1-20-4
せんざん山手台店,神奈川県横浜市泉区岡津町9-1
ダイニングバー テンダーズダイニング,神奈川県鎌倉市大船1-8-2
酒菜の隠れ家 月あかり伊勢原北口店,神奈川県伊勢原市伊勢原1-3-17
せんざん瀬谷店,神奈川県横浜市瀬谷区橋戸2-12-11
せんざん港南台本店,神奈川県横浜市港南区港南台3-17-4
Peace,神奈川県横浜市神奈川区西神奈川1-3-9
湘南鮮魚×特選地酒ゆるりと菜－村さ来－茅ヶ崎北口店,神奈川県茅ヶ崎市新栄町1-6
せんざん港南台本店,神奈川県横浜市港南区港南台3-17-4
平塚完全個室 彩（あや）,神奈川県平塚市明石町23-4
イシダ商店 浜銀通り店,神奈川県横浜市港北区日吉本町1-5-24
酒菜の隠れ家 月あかり秦野駅前店,神奈川県秦野市今川町1-2
食べ放題 飲み放題 インドカレー SARINA 横須賀中央店,神奈川県横須賀市大滝町2-21
せんざん青葉台店,神奈川県横浜市青葉区若草台17-60
やきとり 2ランホームラン,神奈川県鎌倉市大船1-22-2
大衆居酒屋 つなみ ～TSUNAMI～,神奈川県海老名市中央1-16-17
せんざん金沢文庫店,神奈川県横浜市金沢区釜利谷東4-49-14
せんざん港北ニュータウン店,神奈川県横浜市都筑区茅ケ崎南2-11-15
全室個室×旬の地魚ゆるりと菜－村さ来－寒川店,神奈川県高座郡寒川町一之宮1-8-9
酒菜の隠れ家月あかり JR相模原店,神奈川県相模原市中央区相模原2-1-12
松屋大和渋谷店,神奈川県大和市渋谷5-4-1
松屋反町店,神奈川県横浜市神奈川区松本町1-1-9
とり鉄 はなれ,神奈川県相模原市緑区橋本6-12-15
松屋逗子店,神奈川県逗子市逗子2-6-29
松屋綾瀬小園店,神奈川県綾瀬市小園923-2
松屋厚木戸田店,神奈川県厚木市戸田540-1
松屋湘南台店,神奈川県藤沢市湘南台2-5-9
松屋南林間店,神奈川県大和市南林間1-8-1
松屋大口店,神奈川県横浜市神奈川区大口通58-3
松屋厚木店,神奈川県厚木市田村町7-20
酒菜の隠れ家 月あかりららぽーと海老名店,神奈川県海老名市扇町13-1
昭和居酒屋 ゆず,神奈川県茅ヶ崎市共恵1-6-18
イシダ商店 綱島店,神奈川県横浜市港北区綱島東2-1-5
松屋大船駅前店,神奈川県鎌倉市大船1-12-23
松屋座間立野台店,神奈川県座間市立野台2-20-3
松屋大船店,神奈川県鎌倉市大船1-25-23
松屋小田原酒匂店,神奈川県小田原市西酒匂1-9-3
酒菜の隠れ家 月あかり平塚店,神奈川県平塚市紅谷町9-18
松屋横須賀中央駅前店,神奈川県横須賀市若松町1-7-5
松屋茅ヶ崎赤松町店,神奈川県茅ヶ崎市赤松町1-5
松屋平塚北金目店,神奈川県平塚市北金目2-4-33
割烹蒲焼 八十八 ニュウマン横浜店,神奈川県横浜市西区南幸1-1-1
松屋稲田堤店,神奈川県川崎市多摩区菅2-1-1
少人数個室×地魚×全国特選地酒ゆるりと菜－村さ来－藤沢北口店,神奈川県藤沢市藤沢388
松屋長後店,神奈川県藤沢市下土棚509-10
松屋矢向店,神奈川県横浜市鶴見区矢向6-5-8
松屋川崎西口店,神奈川県川崎市幸区大宮町5-1
松屋菊名店,神奈川県横浜市港北区菊名4-2-6
松屋古淵店,神奈川県相模原市南区古淵1-7-1
松屋橋本店,神奈川県相模原市緑区橋本6-2-1
松屋生田店,神奈川県川崎市多摩区生田7-8-9
松屋平塚店,神奈川県平塚市紅谷町4-2
松屋川崎枡形店,神奈川県川崎市多摩区枡形1-5-9
松屋平間店,神奈川県川崎市中原区北谷町8
松屋追浜店,神奈川県横須賀市追浜町3-13-13
焼鳥居酒屋 善平,神奈川県横浜市旭区二俣川1-2
江ノ島海の家×ビアガーデンBBQキッチンブルー～プクプク～,神奈川県藤沢市片瀬海岸2
松屋高津店,神奈川県川崎市高津区二子5-2-1
松屋 川崎砂子店,神奈川県川崎市川崎区砂子2-6-19
A5ランク牛や朝獲れ旬魚来幸（らいこう）小田原,神奈川県小田原市栄町3-5-16
松屋鹿島田店,神奈川県川崎市幸区下平間135
酒菜の隠れ家 月あかり横浜駅前店,神奈川県横浜市西区北幸1-1-8
松屋麻溝台店,神奈川県相模原市南区麻溝台1-5-6
松屋中山店,神奈川県横浜市緑区寺山町87-7
松屋寒川倉見店,神奈川県高座郡寒川町倉見849-3
はしごや 楽上大岡店,神奈川県横浜市港南区上大岡西2-1-23
松屋上溝店,神奈川県相模原市中央区上溝3-16-1
松屋踊場店,神奈川県横浜市泉区中田南1-2-12
松屋川崎京町店,神奈川県川崎市川崎区京町1-18-15
松屋都筑インター店,神奈川県横浜市都筑区早渕3-37-14
松屋さがみ野店,神奈川県海老名市東柏ヶ谷2-30-24
松屋鶴見東口店,神奈川県横浜市鶴見区鶴見中央1-3-3
松屋大倉山店,神奈川県横浜市港北区大倉山3-1-28
割烹蒲焼 八十八 吉田町店,神奈川県横浜市中区吉田町10
松屋保土ヶ谷店,神奈川県横浜市保土ケ谷区岩井町4
松屋小田急相模原店,神奈川県相模原市南区松が枝町24-6
名物ホルモン 七輪もつ焼き 吉 溝の口,神奈川県川崎市高津区溝口2-1-2
逗子海岸 海の家 WILD BOAR（ワイルドボア）,神奈川県逗子市新宿逗子ビーチ
松屋相模原中央店,神奈川県相模原市中央区中央1-10-15
松屋伊勢原店,神奈川県伊勢原市桜台1-2-30
松屋淵野辺北口店,神奈川県相模原市中央区淵野辺3-19-9
えびかに食堂 鶴見駅前店,神奈川県横浜市鶴見区鶴見中央1-5-5
松屋淵野辺店,神奈川県相模原市中央区鹿沼台2-18-6
松屋上鶴間店,神奈川県相模原市南区上鶴間本町5-1-2
チャイナ飯店,神奈川県横浜市南区井土ヶ谷中町157
松屋横須賀中央店,神奈川県横須賀市大滝町2-23
焼鳥×もつ鍋 2000円食べ飲み放題 個室居酒屋 横浜屋 鶴屋町店,神奈川県横浜市神奈川区鶴屋町2-19-6
韓国料理居酒屋 城 鶴見,神奈川県横浜市鶴見区栄町通1-10-11
焼鳥 くろちゃん 武蔵小杉北口店,神奈川県川崎市中原区新丸子町915-1
串カツ居酒屋 祭（マツリ）大和駅前店,神奈川県大和市中央5-1-24
松屋藤沢北口店,神奈川県藤沢市藤沢462
北陸・漁師の和食酒場魚屋あらまさ,神奈川県川崎市川崎区駅前本町15-5
もつ焼き 惇平花月園前店,神奈川県横浜市鶴見区生麦5-7-38
大人数個室×本格中華萬興楼（マンキョウロウ）横浜西口,神奈川県横浜市西区南幸2-11-15
松屋藤沢南口店,神奈川県藤沢市南藤沢2-10
松屋井土ヶ谷店,神奈川県横浜市南区井土ヶ谷中町161
松屋本厚木南口店,神奈川県厚木市旭町1-1-2
松屋海老名店,神奈川県海老名市中央2-1-5
松屋横浜店,神奈川県横浜市西区南幸2-1-3
松屋藤沢石川店,神奈川県藤沢市石川2-1-1
上大岡 もつ肉商店,神奈川県横浜市港南区上大岡西1-13-19
新鮮地鶏と旨い酒 とりこ,神奈川県横浜市鶴見区豊岡町20-11
松屋鶴見店,神奈川県横浜市鶴見区豊岡町2-2
全席完全個室 炭火地鶏 はるき商店 平塚駅前店,神奈川県平塚市紅谷町4-3
松屋小田原店,神奈川県小田原市栄町2-8-33
飯や まるはげ,神奈川県大和市中央林間3-10-16
松屋本厚木店,神奈川県厚木市中町2-4-16
炭火やきとり 快（カイ）小田原駅前店,神奈川県小田原市栄町1-4-3
松屋溝の口南口店,神奈川県川崎市高津区久本1-4-10
松屋秦野店,神奈川県秦野市大秦町1-4
松屋京急久里浜店,神奈川県横須賀市久里浜4-5-2
松屋茅ヶ崎店,神奈川県茅ヶ崎市新栄町8-8
松屋小田急相模原西口店,神奈川県相模原市南区相模台2-4-6
松屋大和店,神奈川県大和市大和南1-3-4
松屋鶴間店,神奈川県大和市西鶴間1-2-9
松屋二俣川店,神奈川県横浜市旭区二俣川1-45-18
松屋戸塚店,神奈川県横浜市戸塚区戸塚町16-16
由比ヶ浜 海の家 BBQ ソファ テラスSEASIDE LOUNGE,神奈川県鎌倉市由比ガ浜4
食事処 あかしや,神奈川県横浜市栄区小菅ケ谷1-4-2
真鶴 魚座,神奈川県足柄下郡真鶴町真鶴1947-2
松屋鴨居店,神奈川県横浜市緑区鴨居1-8-10
松屋溝の口店,神奈川県川崎市高津区溝口1-18-7
松屋鷺沼店,神奈川県川崎市宮前区鷺沼1-11-6
松屋桜木町店,神奈川県横浜市中区花咲町2-59
松屋川崎大師店,神奈川県川崎市川崎区大師駅前1-16-20
個室中華×無制限食べ飲み放題香巴拉（シャンバラ）関内店,神奈川県横浜市中区住吉町5-65-2
松屋 新横浜店,神奈川県横浜市港北区新横浜2-3-5
松屋綱島店,神奈川県横浜市港北区綱島西1-1-3
松屋 新横浜店,神奈川県横浜市港北区新横浜2-3-5
松屋綱島店,神奈川県横浜市港北区綱島西1-1-3
海鮮・肉寿司 食べ放題 ネオ大衆×個室もてなしや 横浜本店,神奈川県横浜市西区南幸1-12-8
松屋川崎銀座街店,神奈川県川崎市川崎区砂子1-1-7
全80種 食べ飲み放題中華居酒屋369之家 本厚木店,神奈川県厚木市旭町1-16-3
松屋鶴ヶ峰店,神奈川県横浜市旭区鶴ヶ峰1-12-3
松屋上大岡店,神奈川県横浜市港南区上大岡西2-1-19
ステーキハウス リベロ,神奈川県横浜市中区伊勢佐木町6-146-3
オリエンタルダイニング ラーマヤナ横浜西口店,神奈川県横浜市西区南幸2-15-4
松屋 梶が谷店,神奈川県川崎市高津区末長1-8-20
松屋横浜南幸店,神奈川県横浜市西区南幸2-14-7
松屋伊勢佐木町2丁目店,神奈川県横浜市中区伊勢佐木町2-76-2
ベトナム料理カフェ aLo aLo,神奈川県大和市大和南1-15-1
松屋元住吉店,神奈川県川崎市中原区木月3-6-18
松屋横浜西口店,神奈川県横浜市西区北幸1-1-2
韓国酒菜 うさぎ庵,神奈川県横浜市港北区日吉本町1-3-3
居酒屋 土間土間横浜西口店,神奈川県横浜市西区南幸2-15-1
松屋関内仲通り店,神奈川県横浜市中区常盤町2-10
松屋向ヶ丘遊園店,神奈川県川崎市多摩区登戸2737-4
横浜関内吉田町THE FARM PIG＆SEA,神奈川県横浜市中区吉田町10
松屋天王町店,神奈川県横浜市保土ケ谷区天王町2-47-7
松屋東戸塚西口店,神奈川県横浜市戸塚区川上町90-1
牛タン・馬刺し・和牛 ぶれゑめん 大和駅前店,神奈川県大和市大和南1-5-2
松屋武蔵小杉店,神奈川県川崎市中原区新丸子町922
サライケバブ 日吉店,神奈川県横浜市港北区日吉本町1-2-11
居酒家 土間土間横浜駅前店,神奈川県横浜市西区北幸1-1-8
松屋東戸塚東口店,神奈川県横浜市戸塚区品濃町538-7
韓国ごはん・酒家 ダイダイ そごう横浜店,神奈川県横浜市西区高島2-18-1
松屋日吉店,神奈川県横浜市港北区日吉本町1-20-2
松屋 金沢八景店,神奈川県横浜市金沢区瀬戸16-38
牛たん・馬刺し・特選和牛ぶれゑめん 大船駅前店,神奈川県鎌倉市大船1-11-20
DiningRestaurant 大船 JAM,神奈川県鎌倉市大船1-16-18
松屋港南台店,神奈川県横浜市港南区港南台4-1-1
エビス鴨居総本店,神奈川県横浜市緑区鴨居4-1-9
居酒屋 土間土間新横浜店,神奈川県横浜市港北区新横浜3-6-2
肉バル＆クラフトビールブッチャーズキッチン 鹿島田店,神奈川県川崎市幸区下平間115
綱島ふぐよし総本店,神奈川県横浜市港北区綱島東1-1-18
居酒屋 土間土間橋本店,神奈川県相模原市緑区橋本3-17-3
もつ焼きごえん野毛店,神奈川県横浜市中区野毛町1-41-2
松屋武蔵新城店,神奈川県川崎市中原区上新城2-10-15
大衆肉バル Kamiichi,神奈川県横浜市港南区上大岡西1-15-1
居酒家 土間土間関内店,神奈川県横浜市中区尾上町4-54
居酒家 土間土間戸塚店,神奈川県横浜市戸塚区吉田町118-1
松屋あざみ野店,神奈川県横浜市青葉区あざみ野1-11-1
木村屋本店川崎駅東口店,神奈川県川崎市川崎区砂子2-6-6
居酒家 土間土間武蔵溝の口店,神奈川県川崎市高津区溝口1-8-7
食べ飲み放題の店 和気あいあい横浜西口店,神奈川県横浜市西区南幸2-9-1
居酒家 土間土間登戸店,神奈川県川崎市多摩区登戸3467-1
居酒家 土間土間川崎仲見世通り店,神奈川県川崎市川崎区砂子2-3-17
居酒家 土間土間川崎リバーク店,神奈川県川崎市川崎区駅前本町12-1
お好み焼き・食べ放題 若竹新横浜駅前店,神奈川県横浜市港北区新横浜2-5-26
熱中酒場 夢吉 川崎店,神奈川県川崎市川崎区駅前本町2-11
水産酒場まぐろ部 新横浜駅前店,神奈川県横浜市港北区新横浜2-5-26
韓国屋台酒場 韓兵衛 横浜桜木町 野毛一番街店,神奈川県横浜市中区野毛町1-52
桜木町ふぐよし総本店,神奈川県横浜市中区野毛町3-110-1
居酒家 土間土間センター南店,神奈川県横浜市都筑区茅ヶ崎中央3-25
歩く花,神奈川県川崎市幸区大宮町1310
完全個室居酒屋 燻製工房 武蔵中原,神奈川県川崎市中原区上小田中6-23-8
個室 沖縄料理 ちゅらり横浜店,神奈川県横浜市西区南幸1-12-8
松屋相模大野店,神奈川県相模原市南区相模大野3-2-1
炭火料理×海鮮居食ヤ 福田 （関内駅徒歩1分）,神奈川県横浜市中区真砂町3-31
エビス仲町台総本店,神奈川県横浜市都筑区仲町台1-34-18
国産熟成肉バルDOURAKU CORRIDA ランドマーク店,神奈川県横浜市西区みなとみらい2-2-1
鮮度の極み 魚もつ武蔵小杉,神奈川県川崎市中原区新丸子町915-8
韓国ごはん・酒家ダイダイ 横浜みなとみらい店,神奈川県横浜市西区みなとみらい2-2-1
鶴見 焼肉 うしくら,神奈川県横浜市鶴見区鶴見中央4-26-15
小田原畜産姉妹店 激旨焼肉 うしえ者,神奈川県小田原市酒匂970-1
焼き肉はとや,神奈川県座間市小松原1-24-27
焼き肉ホルモン 兆伊 （CHOI）,神奈川県横浜市中区若葉町2-24
焼肉楽,神奈川県横浜市緑区鴨居1-8-2
焼肉 開,神奈川県横浜市中区長者町6-94
焼肉 然,神奈川県足柄下郡箱根町二ノ平1297
焼肉 匠,神奈川県横浜市戸塚区名瀬町52-1
焼肉炉,神奈川県平塚市根坂間365-1
焼肉 縁,神奈川県横浜市南区吉野町5-22-22
焼肉家,神奈川県横浜市栄区上郷町59-1
焼肉 龍,神奈川県足柄上郡大井町金子50-1
焼肉 友,神奈川県横浜市中区末吉町4-86
焼肉道草,神奈川県横浜市鶴見区駒岡1-25-26
焼肉 北京,神奈川県横浜市港北区高田東1-47-6
焼肉・メグミ,神奈川県横浜市神奈川区反町1-5-4
焼肉 千福,神奈川県横須賀市若松町3-4
焼肉 香蘭,神奈川県川崎市川崎区桜本2-1-10
焼肉 太陽,神奈川県川崎市川崎区池田1-13-18
焼肉 杭州,神奈川県川崎市多摩区宿河原5-21-1
焼肉 漢江,神奈川県横浜市港北区新吉田東7-9-8
焼肉 都筑,神奈川県横浜市都筑区加賀原2-13-25
焼肉 麗華,神奈川県横須賀市根岸町3-16-17
焼肉 天佑,神奈川県川崎市幸区古川町38
焼肉 松葉,神奈川県川崎市麻生区片平6-2-20
焼肉 天佑,神奈川県川崎市幸区古川町38
焼肉 松葉,神奈川県川崎市麻生区片平6-2-20
焼肉 吉政,神奈川県茅ヶ崎市共恵1-6-20
焼肉 海牛,神奈川県横須賀市秋谷2-5-36
焼肉 佐藤,神奈川県横浜市神奈川区六角橋1-21-1
焼肉 大苑,神奈川県横浜市神奈川区大口仲町36-5
焼肉 西屋,神奈川県横須賀市衣笠栄町1-39-1
焼肉相模,神奈川県座間市相武台1-30-15
焼肉 大苑,神奈川県川崎市高津区溝口2-17-33
焼肉天国,神奈川県平塚市河内351-1
焼肉くく,神奈川県横浜市保土ケ谷区天王町1-9-13
焼肉 大谷,神奈川県相模原市中央区中央4-4-1
焼肉角蔵,神奈川県相模原市緑区原宿3-7-2
焼肉 伽耶,神奈川県川崎市幸区南加瀬3-38-43
焼肉ぱだ,神奈川県足柄下郡湯河原町宮上535
焼肉 しま,神奈川県秦野市本町1-1-6
焼肉 金光,神奈川県横浜市中区福富町仲通38
焼肉 北京,神奈川県川崎市中原区木月3-8-22
焼肉よこた,神奈川県横浜市戸塚区汲沢町1229-3
焼肉トラジ,神奈川県横浜市神奈川区入江2-16-10
焼肉 羅生門,神奈川県鎌倉市手広6-1-5
焼肉ジャン,神奈川県小田原市東町2-1-8
焼肉 南大門,神奈川県相模原市中央区相生4-3-1
焼肉トザワ,神奈川県藤沢市辻堂東海岸1-12-24
焼肉 パゴダ,神奈川県横浜市港北区小机町1521
焼肉いちか,神奈川県川崎市川崎区池上新町1-13-8
焼肉 真骨頂,神奈川県横浜市鶴見区鶴見中央2-3-13
焼肉ライオン,神奈川県大和市林間1-20-2
焼肉 POGI,神奈川県横須賀市久里浜4-16-12
焼肉あまひろ,神奈川県横浜市南区睦町1-33-8
焼肉あまひろ,神奈川県横浜市南区睦町1-33-8
焼肉 スエヒロ,神奈川県足柄下郡箱根町湯本702
焼肉マンボウ,神奈川県横浜市鶴見区上末吉1-13-15
焼肉アリラン,神奈川県相模原市南区相模大野6-10-3
焼肉まんまる,神奈川県横浜市神奈川区片倉1-5-17
焼肉くろべこ,神奈川県南足柄市狩野78-3
焼肉ちゃちゃ,神奈川県横須賀市武3-21-11
焼肉 韓の台所,神奈川県鎌倉市津1034-4
焼肉 英ちゃん,神奈川県大和市鶴間2-3-2
焼肉 オックス,神奈川県相模原市南区相模台3-14-18
焼肉だいまる,神奈川県平塚市平塚2-47-9
焼肉 ほりにし,神奈川県海老名市中新田3290-1
焼肉べこいち,神奈川県鎌倉市手広1-7-38
焼肉くりはら,神奈川県伊勢原市串橋61-2
焼肉ぴったん,神奈川県小田原市飯田岡71-7
焼肉ざんまい,神奈川県藤沢市宮原3341-3
焼肉たいざん,神奈川県秦野市南矢名1-15-21
焼肉ひゃんみ,神奈川県横浜市南区中里1-7-8
焼肉 文ちゃん,神奈川県横浜市港北区大倉山6-17-7
焼肉jeju,神奈川県中郡二宮町二宮1350-7
焼肉 ROCK,神奈川県足柄下郡箱根町湯本724-5
焼肉ひゃら亭,神奈川県横浜市都筑区牛久保西2-26-7
焼肉べこまる,神奈川県横浜市中区弥生町3-34
焼肉サイゼン,神奈川県横浜市中区宮川町2-55
焼肉食堂こころ,神奈川県川崎市高津区坂戸1-7-7
焼肉 冬伯,神奈川県川崎市幸区神明町1-41
焼肉 牛王,神奈川県川崎市幸区南幸町2-40
焼肉 冨岳,神奈川県横浜市南区宮元町3-56
焼肉寿苑,神奈川県川崎市川崎区貝塚1-11-1
焼肉 鳳梨,神奈川県鎌倉市小町1-6-9
焼肉金金,神奈川県藤沢市片瀬3-14-33
焼肉寿苑,神奈川県川崎市川崎区貝塚1-11-1
焼肉 八起,神奈川県相模原市南区相模大野6-19-25
焼肉 広鈴,神奈川県川崎市幸区下平間223
焼肉 昇楽,神奈川県川崎市中原区中丸子341
焼肉家 燦,神奈川県川崎市幸区幸町4-18
焼肉 とうがらし,神奈川県横須賀市衣笠栄町1-70
焼肉のいちばん,神奈川県相模原市緑区小渕1707
焼肉 とらちゃん,神奈川県横浜市中区石川町1-14
焼肉亭ぎんなん,神奈川県横浜市鶴見区馬場3-1-9
焼肉たっちゃん,神奈川県横須賀市ハイランド4-7-11
焼肉もうもう亭,神奈川県愛甲郡愛川町中津3518-9
焼肉 カーニバル,神奈川県横浜市中区南仲通4-40
焼肉 Takeyan,神奈川県川崎市高津区溝口4-3-1
焼肉SHONAN,神奈川県藤沢市鵠沼花沢町2-4
焼肉 恵美寿,神奈川県秦野市松原町1-7
焼肉みーや,神奈川県秦野市大秦町2-3
焼肉 大久園,神奈川県横浜市瀬谷区瀬谷4-30
焼肉のダックベル,神奈川県横浜市神奈川区六角橋2-3-5
焼肉南幸苑,神奈川県横浜市瀬谷区三ツ境15-4
焼肉じゅじゅえん,神奈川県平塚市田村6-11-6
焼肉 福よし,神奈川県相模原市中央区相模原6-24-5
焼肉 藤吉郎,神奈川県横浜市西区浅間台15-12
焼肉 きぬ川,神奈川県横浜市金沢区泥亀2-1-6
焼肉 牛の城,神奈川県川崎市川崎区池田1-6-5
焼肉食道苑,神奈川県横浜市西区藤棚町1-58
焼肉イナミ,神奈川県高座郡寒川町岡田7-2-31
焼肉牧場ぼくんち,神奈川県座間市入谷4-2478-21
焼肉 丸山縁,神奈川県横浜市緑区鴨居1-8-10
焼肉大衆店,神奈川県平塚市明石町23-18
焼肉ホルモン ある,神奈川県相模原市南区松が枝町15-11
焼肉牧場ぼくんち,神奈川県座間市入谷4-2478-21
焼肉大衆店,神奈川県平塚市明石町23-18
焼肉一本道,神奈川県横浜市緑区鴨居1-15-15
焼肉 香々苑,神奈川県横浜市港南区上永谷1-1-24
焼肉ホルモンしげ,神奈川県藤沢市辻堂新町3-9-22
焼肉 みらく,神奈川県横浜市中区花咲町1-40
焼肉 清水苑,神奈川県横浜市南区永田北3-32-1
焼肉ぽんが横浜店,神奈川県横浜市西区北幸2-6-5
焼肉 はせ川,神奈川県相模原市南区相模台4-11-6
焼肉 登龍門,神奈川県茅ヶ崎市今宿731-7
焼肉バン バン,神奈川県横浜市港北区日吉7-14-5
焼肉ホルモンたかの,神奈川県横浜市中区日ノ出町1-1
焼肉うしごろ横浜店,神奈川県横浜市神奈川区鶴屋町2-15-3
焼肉レストラン松の実,神奈川県藤沢市善行7-5-6
焼肉レストラン友琉館,神奈川県三浦郡葉山町長柄27-2
焼肉野郎キムジャン,神奈川県平塚市河内447-10
焼肉海鮮ふぁーすと,神奈川県横浜市泉区岡津町189
焼肉コリアンハウス,神奈川県横浜市神奈川区三ツ沢中町26-26
焼肉MIURAえん,神奈川県三浦市南下浦町上宮田3292-2
焼肉レストラン東天閣,神奈川県川崎市川崎区浜町4-12-5
焼肉ハウスファミリー,神奈川県藤沢市菖蒲沢1072-1
焼肉家 いすか,神奈川県藤沢市本町3-10-16
焼肉・ホルモンごくう,神奈川県海老名市中新田2-10-23
焼肉 大衆 本店,神奈川県横浜市中区宮川町2-52
焼肉 バカバカ,神奈川県川崎市川崎区京町1-17-16
焼肉よし 大船,神奈川県鎌倉市大船2-6-16
焼肉食堂 こやま,神奈川県横浜市港北区大倉山5-34-20
焼肉 左文字,神奈川県横浜市磯子区栗木1-32-26
焼肉ぶー村,神奈川県川崎市川崎区大島5-12-3
焼肉 味楽苑,神奈川県横須賀市根岸町3-11-1
焼肉 5番街,神奈川県横浜市中区山元町4-172-25
焼肉 韓味館,神奈川県大和市大和東1-8-9
焼肉 京城苑,神奈川県横浜市中区吉田町12-2
焼肉処 九葉,神奈川県横浜市青葉区美しが丘2-14-2
串焼肉 世孫,神奈川県川崎市川崎区京町2-24-2
鶏焼肉 いろは,神奈川県相模原市中央区相模原2-2-8
焼肉苑 溝口店,神奈川県川崎市高津区溝口2-15-1
焼肉ざんまい 本店,神奈川県藤沢市獺郷1160
焼肉＆バー サンライズ,神奈川県横浜市金沢区谷津町367
新城焼肉なかむら,神奈川県川崎市中原区新城1018
焼肉ホルモン 一手,神奈川県相模原市中央区清新6-17-19
焼肉ホルモン いち,神奈川県横浜市鶴見区本町通1-23-15
焼肉らあめん 不二,神奈川県川崎市中原区木月住吉町32-24
焼肉炎 -homura-,神奈川県横浜市泉区和泉中央北3-6-1
金の焼肉 韓国料理,神奈川県横浜市中区長者町2-5-5
焼肉和牛料理 金竹,神奈川県横浜市青葉区青葉台2-26-1
焼肉苑 平間店,神奈川県川崎市中原区上平間1700
焼肉菜館 寿寿,神奈川県横浜市鶴見区潮田町4-156-1
焼肉革命 牛将,神奈川県厚木市戸田1225
焼肉 あばら亭,神奈川県綾瀬市深谷中2-2-26
焼肉 たかだ 東戸塚,神奈川県横浜市戸塚区平戸町82-4
焼肉 龍牛ノ庭,神奈川県大和市上草柳1021
焼肉酒場 我寿,神奈川県横浜市鶴見区鶴見中央4-17-1
新横浜 焼肉 鐵,神奈川県横浜市港北区篠原町1268-5
焼肉ダイニング いち,神奈川県平塚市天沼7-26
焼肉・ホルモン・ぼなぺてぃ,神奈川県相模原市南区相模大野3-2-2
焼肉レストラン 柏尾,神奈川県横浜市戸塚区上倉田町508
焼肉レストラン 大苑,神奈川県横浜市南区日枝町3-93
焼肉大昌園 本店,神奈川県川崎市川崎区東門前3-1-2
焼肉 まんぷく 平塚,神奈川県平塚市宮の前7-8
焼肉とホルモン ささ木,神奈川県横浜市鶴見区生麦3-2-25
韓国 食堂 焼肉幹,神奈川県小田原市栄町2-11-9
焼肉 海鮮 山水苑,神奈川県川崎市川崎区浜町1-1-11
焼肉食堂 Smokey,神奈川県横浜市青葉区美しが丘2-21-2
南林間の焼肉屋,神奈川県大和市南林間1-5-8
焼肉ホルモンとんとん,神奈川県厚木市三田2-22-1
焼肉ホルモン 光苑,神奈川県横浜市港北区大倉山3-1-24
焼肉幸乃羽別館 雪月花,神奈川県平塚市明石町14-22
焼肉Dragon横浜,神奈川県横浜市青葉区つつじヶ丘29-1
焼肉鍋 みやび,神奈川県横浜市西区戸部本町48-10
湯河原焼肉 あぼじ,神奈川県足柄下郡湯河原町土肥1-9-20
焼肉 ホルモン ほうちゃん,神奈川県横浜市中区大和町2-50-6
焼肉 ホルモン 心笑,神奈川県藤沢市藤沢462
焼肉家族 だるま小僧,神奈川県横浜市緑区十日市場町814-10
焼肉の田口 恩名店,神奈川県厚木市恩名2-6-5
焼肉 けいざん 杉田,神奈川県横浜市磯子区杉田3-1-6
焼肉ライク 大船店,神奈川県鎌倉市大船1-25-38
食事処焼肉たなか,神奈川県伊勢原市東大竹641
焼肉ハウス 香花園,神奈川県横浜市青葉区市ケ尾町1054-9
焼肉ホルモン 酔軒,神奈川県横浜市磯子区森3-17-43
焼肉ホルモン 亀萬,神奈川県川崎市幸区鹿島田1-8-42
焼肉屋さかい 橋本店,神奈川県相模原市緑区橋本5-14-5
焼肉ホルモン 味楽,神奈川県藤沢市善行1-24-10
焼肉の老舗 浜忠,神奈川県藤沢市湘南台1-21-16
とうがらし 焼肉韓国家庭料理,神奈川県川崎市川崎区鋼管通3-16-11
焼肉酒場びーと。,神奈川県大和市桜森2-3-14
焼肉ホルモン焼き ジャンジャン,神奈川県小田原市栢山2660-2
焼肉屋さかい 秦野店,神奈川県秦野市富士見町2-21
焼肉ざんまい 六会店,神奈川県藤沢市亀井野1-7-12
焼肉ドン 海老名駅前,神奈川県海老名市中央2-1-5
焼肉ざんまい 藤沢店,神奈川県藤沢市藤沢556
焼肉ざんまい 善行店,神奈川県藤沢市善行坂1-5-17
焼肉 溶岩焼 月姫,神奈川県足柄下郡箱根町木賀951-9
焼肉スエヒロ館 戸塚店,神奈川県横浜市泉区中田東1-35-25
焼肉ホルモン バガボンド,神奈川県平塚市桃浜町24-21
焼肉 ざんまい 相模原店,神奈川県相模原市中央区陽光台2-15-8
焼肉ざんまい 茅ヶ崎店,神奈川県茅ヶ崎市元町4-10
焼肉レストラン 大豊閣,神奈川県大和市南林間1-6-6
焼肉ざんまい 江ノ島店,神奈川県藤沢市片瀬3-17-25
焼肉スエヒロ館 座間店,神奈川県座間市入谷西2-43-6
焼肉ライク 平塚四之宮,神奈川県平塚市四之宮6-15-27
焼肉ライク 横浜関内店,神奈川県横浜市中区港町4-16
焼肉レストラン 明月館,神奈川県横浜市磯子区森3-3-17
焼肉たかやま 港南台店,神奈川県横浜市港南区港南台9-27-6
焼肉 味ん味ん 三ツ境店,神奈川県横浜市瀬谷区二ツ橋町309-1
焼肉とらちゃん 関内店,神奈川県横浜市中区太田町2-31-3
焼肉屋さかい 久里浜店,神奈川県横須賀市久里浜7-1-14
三吉橋 焼肉 食道苑,神奈川県横浜市南区中村町3-187-6
近江牛 焼肉 幸乃羽,神奈川県平塚市明石町14-22
焼肉 五差路 鳥吉,神奈川県相模原市緑区橋本台1-1-5
焼肉屋さかい 鵠沼海岸店,神奈川県藤沢市鵠沼海岸1-16-3
焼肉スエヒロ館 茅ヶ崎店,神奈川県茅ヶ崎市下町屋1-10-24
炭焼ホルモン＆焼肉 浜幸,神奈川県横浜市中区住吉町5-63
焼肉食堂こころ 溝の口店,神奈川県川崎市高津区溝口1-12-14
焼肉 三光亭 宿河原店,神奈川県川崎市多摩区宿河原4-19-19
秘伝のタレで喰らう本格焼肉 焼肉慶 武蔵小杉店,神奈川県川崎市中原区丸子通1-636
焼肉愛加那 倉見店,神奈川県高座郡寒川町倉見401-3
焼肉・ホルモン たつ屋 関内,神奈川県横浜市中区常盤町2-11-11
焼肉 しょうざえもん 国府津店,神奈川県小田原市国府津2520-1
焼肉愛加那 倉見店,神奈川県高座郡寒川町倉見401-3
焼肉×ホルモン 溝の口 ひゃくてん,神奈川県川崎市高津区溝口1-15-8
焼肉トラジ トレッサ横浜店,神奈川県横浜市港北区師岡町700
焼肉 ホルモン Beef Boss,神奈川県川崎市川崎区池田1-15-9
焼肉そう太 大和駅前店,神奈川県大和市大和東1-2-7
焼肉革命 牛将 平塚店,神奈川県平塚市南金目685-1
焼肉スエヒロ館 横浜上白根店,神奈川県横浜市旭区上白根2-61-5
焼肉じゅうじゅうカルビ 横浜天王町店,神奈川県横浜市保土ケ谷区天王町2-41-3
焼肉スエヒロ館 川崎宮前店,神奈川県川崎市宮前区馬絹6-10-1
焼肉スエヒロ館 横浜鶴見店,神奈川県横浜市鶴見区北寺尾2-19-50
焼肉トラジ 横浜モアーズ店,神奈川県横浜市西区南幸1-3-1
卸直送 焼肉 友苑（ゆうえん）,神奈川県平塚市代官町1-11
焼肉スエヒロ館 川崎生田店,神奈川県川崎市多摩区生田3-3-5
焼肉革命 牛将 小田原店,神奈川県小田原市飯田岡91-1
焼肉 ざんまい 海老名上河内店,神奈川県海老名市上河内1045-1
焼肉・ホルモン 濱蔵 寒川店,神奈川県高座郡寒川町一之宮1-8-6
焼肉ライク 海老名さがみ野店,神奈川県海老名市東柏ケ谷5-19-28
焼肉 きんぐ 保土ヶ谷星川店,神奈川県横浜市保土ケ谷区川辺町2-12
焼肉ライク 横浜鶴屋町店,神奈川県横浜市神奈川区鶴屋町2-16-4
焼肉バル Kuidaore 橋本店,神奈川県相模原市緑区東橋本2-20-11
焼肉ホルモン さんきゅう 姉妹店,神奈川県海老名市東柏ケ谷2-25-20
焼肉ハウス カルビの王国 高津店,神奈川県川崎市高津区久地1-19-8
焼肉家族 だるま小僧 藤が丘店,神奈川県横浜市青葉区藤が丘1-16-10
焼肉ホルモン たけ田 辻堂店,神奈川県藤沢市辻堂1-2-1
焼肉トラジ たまプラーザテラス店,神奈川県横浜市青葉区美しが丘1-1-2
焼肉 さんすい苑 川崎駅前店,神奈川県川崎市川崎区駅前本町8
焼肉じゅうじゅうカルビ 大和中央店,神奈川県大和市中央3-8-15
焼肉食べ放題 感激どんどん 湘南台店,神奈川県藤沢市湘南台1-32-16
焼肉本舗  ぴゅあ マルイ溝口店,神奈川県川崎市高津区溝口1-4-1
焼肉じゅうじゅうカルビ 磯子中原店,神奈川県横浜市磯子区中原1-2-9
焼肉ホルモン ばんげ 海老名本店,神奈川県海老名市中央1-16-5
牛角 焼肉食堂 イオン秦野店,神奈川県秦野市入船町12-1
焼肉トラジビナガーデンズ テラス海老名店,神奈川県海老名市めぐみ町2-1
焼肉屋さかい 湘南ライフタウン店,神奈川県藤沢市石川2-4-11
焼肉ホルモンみっちゃん 鹿島田店,神奈川県川崎市幸区下平間134
極上焼肉専門店＆韓国料理 ソウル食堂,神奈川県横浜市中区福富町西通48
焼肉 韓国料理 タソム 小田急相模原店,神奈川県相模原市南区相南4-3-27
焼肉 ホルモン ばんげ かしわ台店,神奈川県海老名市柏ケ谷682
焼肉トラジ ウィングキッチン京急川崎店,神奈川県川崎市川崎区砂子1-3-1
花ほのお鎌倉-焼肉ジャンボ Produce,神奈川県鎌倉市小町1-6-15
太平焼肉,神奈川県大和市大和南2-7-4
大阪 焼肉やっちゃん 分店 本厚木店,神奈川県厚木市旭町1-22-4
泉苑焼肉,神奈川県川崎市川崎区池上新町2-6-1
焼肉ホルモンばんげ 座間駅前店,神奈川県座間市入谷東4-55-1
［葉山牛販売指定店］焼肉わがんせ 本店,神奈川県厚木市中町2-7-5
焼肉・サムギョプサル専門店 豚ママ 関内店,神奈川県横浜市中区福富町仲通4-5
牛角 焼肉食堂 イオン天王町店,神奈川県横浜市保土ケ谷区川辺町3-5
焼肉ライク 本厚木ミロードイースト店,神奈川県厚木市泉町1-1
炭火焼肉 誠,神奈川県横須賀市根岸町4-2-10
寿英焼肉苑,神奈川県小田原市曽比1276
天王町ホルモン 焼肉 ushiwakamaru 牛若丸,神奈川県横浜市保土ケ谷区天王町1-20-11
串に刺さない！鳥焼肉専門酒場 －とりすけ－野毛,神奈川県横浜市中区野毛町1-6
焼肉・韓国料理KollaBo 横浜ワールドポーターズ店,神奈川県横浜市中区新港2-2-1
本格焼肉 牛王,神奈川県横浜市神奈川区新町2-2
炭火焼肉 金龍,神奈川県横浜市中区新山下1-5-11
炭火焼肉 吉牛,神奈川県横浜市鶴見区下末吉1-8-14
道飛館焼肉店,神奈川県川崎市川崎区池上町10-5
炭火焼肉 遊苑,神奈川県川崎市川崎区東門前1-1-8
横濱焼肉食堂,神奈川県横浜市旭区二俣川1-45-86
炭火焼肉 栄亭,神奈川県藤沢市本町3-1-3
炭火焼肉 西遊記,神奈川県秦野市柳町1-10-18
焼肉居酒屋 虎苑,神奈川県川崎市川崎区追分町13-5
炭火焼肉しんき,神奈川県大和市上和田746-1
七輪焼肉 京城苑,神奈川県横浜市中区曙町1-6
無煙焼肉 201,神奈川県横浜市西区中央2-36-5
開か亭炭火焼肉,神奈川県横浜市鶴見区上末吉3-6-2
炭火焼肉かとう,神奈川県横浜市泉区和泉町6224-3
炭火焼肉 七厘亭,神奈川県川崎市川崎区渡田1-17-7
炭火焼肉 和光苑,神奈川県横浜市鶴見区尻手2-8-10
和風焼肉 竹よし,神奈川県横須賀市追浜本町2-1-112
炭火焼肉 寅さん,神奈川県相模原市南区上鶴間本町8-58-5
炭火焼肉 楽牛園,神奈川県川崎市幸区下平間111-22
炭火焼肉亀,神奈川県横浜市鶴見区尻手3-7-23
のぶ焼肉ホルモン,神奈川県厚木市山際616-1
九州焼肉 たらふく,神奈川県横浜市港南区港南台6-22-32
焼肉居酒屋 肉市場,神奈川県茅ヶ崎市共恵1-4-17
ラオン焼肉,神奈川県横浜市中区福富町東通3-5
焼肉居酒屋 向日葵,神奈川県川崎市川崎区東田町3-19
炭火焼肉りょうじ,神奈川県横浜市中区福富町西通40
炭火焼肉 アラジン,神奈川県藤沢市大庭5349-7
横濱焼肉 あぎゅう,神奈川県横浜市港北区新横浜3-7-7
和牛炭火焼肉 すぎ山,神奈川県横浜市神奈川区子安通3-343-1
ほるもん焼肉 大自然,神奈川県秦野市松原町1-12
炭火焼肉 雷音 高津店,神奈川県川崎市高津区二子5-5-2
みんなの焼肉 磯子店,神奈川県横浜市磯子区森1-15-1
みんなの焼肉 根岸店,神奈川県横浜市磯子区西町12-22
大衆焼肉酒場 肉小屋,神奈川県小田原市栄町1-14-12
火山岩焼肉はうす 栖,神奈川県相模原市南区若松3-32-4
大衆焼肉 保土ヶ谷店,神奈川県横浜市保土ケ谷区岩井町124-5
炭火焼肉 杏樹亭 駒岡本店,神奈川県横浜市鶴見区駒岡1-28-1
炭火焼肉 ぎゅうぎゅう,神奈川県横浜市神奈川区反町1-5-14
炭火焼肉 杏樹亭 岸根店,神奈川県横浜市港北区岸根町540-4
炭火焼肉イリアちゃん,神奈川県逗子市沼間3-1-7
七輪焼肉 カルビ屋横丁,神奈川県川崎市幸区塚越4-351-101
横浜焼肉KINTAN,神奈川県横浜市西区南幸1-1-1
炭火焼肉ナカフジ 登戸,神奈川県川崎市多摩区登戸2557-1
七輪焼肉 あっこちゃん．ち,神奈川県茅ヶ崎市円蔵2437-14
七輪炭火焼肉 焼くぞう,神奈川県相模原市緑区川尻1715-1
炭火焼肉 ざんまい 厚木店,神奈川県厚木市恩名1514-5
和牛炭火焼肉 豪家 田村店,神奈川県平塚市田村5-11-7
本牧 韓国本格焼肉 オセヨ,神奈川県横浜市中区本牧町2-367-1
立ち喰い焼肉 じゅうもん,神奈川県横浜市保土ケ谷区上星川1-2-13
炭火焼肉 七輪房 稲田堤店,神奈川県川崎市多摩区菅4-15-8
炭火焼肉 七輪房 淵野辺店,神奈川県相模原市中央区共和4-2-17
炭火焼肉 一心 久里浜本店,神奈川県横須賀市久里浜4-13-18
ホルモン焼肉 しあわせや,神奈川県川崎市中原区新城中町8-25
熟成焼肉 いちばん 藤沢店,神奈川県藤沢市辻堂新町4-3-5
和牛焼肉鎌倉 肉と日本酒,神奈川県鎌倉市御成町11-13
炭火焼肉 えん 青葉台本店,神奈川県横浜市青葉区青葉台1-32-23
横浜大衆焼肉 もつ肉商店,神奈川県横浜市港南区上大岡西2-9-28
炭火焼肉皆家 桜木町本店,神奈川県横浜市中区桜木町3-13-3
和牛焼肉専門店 肉ゆるり。,神奈川県平塚市紅谷町9-18
炭火たれ焼肉丼 萬牛カルビ,神奈川県川崎市中原区木月2-5-7
炭火焼肉 ASHIDA YA,神奈川県足柄下郡湯河原町土肥4-8-14
炭火焼肉 七輪房 川崎野川店,神奈川県川崎市宮前区野川本町2-4-31
熟成焼肉いちばん 茅ヶ崎店,神奈川県茅ヶ崎市円蔵2481-1
武蔵小杉 大衆焼肉 暴飲暴食,神奈川県川崎市中原区市ノ坪66-2
炭火焼肉 ホルモン ぐんそう,神奈川県相模原市中央区相模原3-3-7
炭火焼肉 ビストロ ペイジュ,神奈川県横浜市港南区上大岡西1-17-26
熟成焼肉いちばん 上永谷店,神奈川県横浜市港南区丸山台3-43-4
熟成焼肉いちばん 鶴ヶ峰店,神奈川県横浜市旭区鶴ヶ峰本町1-31-13
炭火焼肉バル TAISEI,神奈川県平塚市紅谷町6-30
七輪炭火焼肉 えん家 杉田店,神奈川県横浜市磯子区新杉田町7-7
七輪炭火焼肉 味ん味ん 綾瀬店,神奈川県綾瀬市寺尾西3-6-1
七輪炭火焼肉 味ん味ん 鶴間店,神奈川県大和市林間1-15-28
横浜の大衆焼肉 弘明寺駅前店,神奈川県横浜市南区通町4-116
七輪焼肉いくどん 相模大野店,神奈川県相模原市南区相模大野6-14-9
本格炭火焼肉ホルモンえにし,神奈川県伊勢原市沼目3-10-38
七輪炭火焼肉 味ん味ん 橋本店,神奈川県相模原市緑区橋本8-2-1
大阪焼肉・ホルモン ふたご 鶴見店,神奈川県横浜市鶴見区鶴見中央1-5-5
和牛焼肉 EAGLE RARE,神奈川県横浜市中区山下町74-6
七輪炭火焼肉 味ん味ん 海老名店,神奈川県海老名市扇町1-1
黒毛和牛一頭買焼肉 醍醐 横浜店,神奈川県横浜市神奈川区鶴屋町2-13-11
熟成焼肉いちばん 平塚四之宮店,神奈川県平塚市東真土2-6-1
七輪炭火焼肉 遊輪 新百合ヶ丘店,神奈川県川崎市麻生区万福寺1-16-7
大衆焼肉 ジンギスカン,神奈川県鎌倉市大船1-21-19
炭火焼肉ホルモン 月波 鵠沼海岸店,神奈川県藤沢市鵠沼海岸5-11-15
牛タン焼肉 檸檬堂本店,神奈川県川崎市高津区溝口2-9-5
七輪炭火焼肉 遊輪 読売ランド前店,神奈川県川崎市多摩区西生田3-7-22
七輪炭火焼肉 味ん味ん 相模大野店,神奈川県相模原市南区相模大野3-1-7
ホルモン焼肉 いっしん,神奈川県横浜市港南区上大岡西3-1-20
新ホルモン焼肉 びっくりや 川崎本店,神奈川県川崎市川崎区池上新町1-7-4
韓国家庭料理・焼肉 東海苑,神奈川県平塚市明石町24-25
みんなの焼肉 ホルモン道場 天王町店,神奈川県横浜市保土ケ谷区天王町2-46-17
本格炭火焼肉 いくどん 小田急相模原店,神奈川県相模原市南区松が枝町24
もつ焼 肉刺し かのう 辻堂,神奈川県藤沢市辻堂2-1-12
大衆焼肉ヒノモト 裏戸塚,神奈川県横浜市戸塚区戸塚町4790
近江牛焼肉 ひゃくいちや,神奈川県藤沢市辻堂1-4-28
七輪炭火焼肉 味ん味ん 宮下店,神奈川県相模原市中央区宮下本町2-27-20
アイナビ 鳥取和牛 炭火焼肉 一張羅 茅ヶ崎店,神奈川県茅ヶ崎市東海岸北2-1-39
七輪炭火焼肉 味ん味ん 淵野辺店,神奈川県相模原市中央区共和3-7-10
炭火焼肉・ホルモン 炭じろう 大和,神奈川県大和市深見3886-11
炭火焼肉ホルモンなべちゃん,神奈川県茅ヶ崎市松浪2-8-23
七輪炭火焼肉 味ん味ん 高座渋谷店,神奈川県大和市下和田778
韓国焼肉・サムギョプサル どやじ,神奈川県横浜市中区末広町3-88-1
炭火焼肉 韓国家庭料理 ソナム,神奈川県横浜市都筑区大丸4-1
蒲田焼肉 東京BeeN 大船店,神奈川県鎌倉市大船1-19-19
ホルモン焼肉おかち 武蔵新城,神奈川県川崎市中原区下新城2-10-32
どすこい商店 ホルモン焼肉 豚星,神奈川県川崎市多摩区登戸3414-2
本場韓国家庭料理焼肉コーリア,神奈川県横浜市戸塚区原宿4-13-1
炭火焼肉 青とうがらし 二子新地店,神奈川県川崎市高津区諏訪1-8-1
大阪焼肉・ホルモン ふたご キュービックプラザ新横浜店,神奈川県横浜市港北区新横浜2-100-45
0秒レモンサワー 仙台ホルモン焼肉酒場 ときわ亭 戸塚店,神奈川県横浜市戸塚区戸塚町16-9
牛角焼肉食堂 ららぽーと湘南平塚店,神奈川県平塚市天沼10-1
炭火焼肉・塩ホルモン 小澤商店 厚木旭町店,神奈川県厚木市旭町4-6-14
ホルモン焼 ジンギスカン焼 横浜の大衆焼肉 上大岡駅前店,神奈川県横浜市港南区上大岡西1-11-9
0秒レモンサワー 仙台ホルモン焼肉酒場 ときわ亭溝の口店,神奈川県川崎市高津区溝口1-12-10
0秒レモンサワー 仙台ホルモン焼肉酒場 ときわ亭武蔵小杉店,神奈川県川崎市中原区小杉町3-441-19
マルギュウ,神奈川県鎌倉市長谷2-16-15
ざんまい 海老名店,神奈川県海老名市下今泉4-3-9
ひょうたん 根岸店,神奈川県横浜市磯子区東町15-32
炭火ホルモン専門いくどん中山店,神奈川県横浜市緑区台村町221-5
いくどん 橋本南口店,神奈川県相模原市緑区橋本2-3-3
アームストロング 橋本駅北口店,神奈川県相模原市緑区橋本3-27-6
やまとんちゅ,神奈川県大和市大和東3-4-3
森食堂,神奈川県横浜市鶴見区駒岡1-27-63
名門,神奈川県大和市中央1-1-11
ひさ火,神奈川県横浜市港北区大倉山1-15-17
ぎゅうぎゅう王桜苑,神奈川県大和市大和南2-1-1
グリル酒場 GEN,神奈川県横浜市泉区中田東1-38-2
ビアグラ,神奈川県横浜市緑区中山町322-19
プレミアムカルビ 四季の森店,神奈川県横浜市旭区上白根町720
清月苑,神奈川県川崎市宮前区野川4179
プレミアムカルビ 港北日吉店,神奈川県横浜市港北区日吉6-1-15
ヨンドン 東神奈川,神奈川県横浜市神奈川区神奈川2-11-18
牛角 白楽店,神奈川県横浜市神奈川区白幡町2-3
明月苑,神奈川県横浜市神奈川区栄町15-9
軒軒,神奈川県横浜市神奈川区新町300-2
神戸苑,神奈川県横浜市神奈川区大口通34
東天閣 子安店,神奈川県横浜市神奈川区入江1-30-25
東海苑,神奈川県横浜市神奈川区松本町1-2-4
コリア市場,神奈川県横浜市神奈川区入江2-18-31
明月苑,神奈川県横浜市神奈川区七島町143
味道苑,神奈川県横浜市神奈川区新子安1-25-19
ホルモン焼 ふくちゃん,神奈川県横浜市神奈川区大口通130-10
永楽園,神奈川県綾瀬市大上9-1-5
平楽,神奈川県横須賀市林2-9-3
千成,神奈川県綾瀬市大上9-6-4
山口とんちゃん平和軒,神奈川県大和市桜森2-7-6
横浜ニュートン 桜ケ丘店,神奈川県大和市福田1-4-4
凱旋門,神奈川県厚木市旭町1-7-4
さすらいのカンテキ,神奈川県逗子市逗子2-4-2
のみち,神奈川県厚木市山際627
七輪焼 えびす家,神奈川県藤沢市遠藤701
韓一館,神奈川県横須賀市本町1-8
鬼の家,神奈川県厚木市中町4-16-6
八煌苑,神奈川県逗子市逗子7-6-21
松亭軒,神奈川県横須賀市林2-9-18
飛鳥,神奈川県大和市南林間2-3-7
ジンギスカン,神奈川県平塚市河内352-1
いきよい,神奈川県藤沢市善行7-5-10
大王亭,神奈川県秦野市本町1-2-13
岩ちゃん,神奈川県厚木市岡田5-21-2
プレミアムカルビ 西鶴間店,神奈川県大和市西鶴間2-1-3
プレミアムカルビ 横須賀佐原店,神奈川県横須賀市岩戸1-9-1
赤丸 本店,神奈川県大和市鶴間1-1-14
韓陽苑 本厚木店,神奈川県厚木市寿町2-1-28
福家,神奈川県大和市福田5528
おかみ家,神奈川県逗子市逗子3-3-29
東海園,神奈川県逗子市逗子1-11-2
飛鳥,神奈川県茅ヶ崎市共恵2-4-3
桃太郎商店,神奈川県南足柄市飯沢12-6
ホルモン屋,神奈川県鎌倉市常盤150-1
こうどう館 平塚店,神奈川県平塚市中原1-18-18
駒形屋,神奈川県藤沢市羽鳥4-13-26
祭り,神奈川県綾瀬市深谷中4-5-5
京成苑 大雄山店,神奈川県南足柄市関本525
アリラン,神奈川県小田原市鴨宮747
穂,神奈川県秦野市柳町1-2-19
おひさま,神奈川県厚木市旭町1-22-9
亀八,神奈川県藤沢市湘南台2-3-9
牛角 小田原店,神奈川県小田原市栄町1-4-9
唐兵衛,神奈川県茅ヶ崎市矢畑727
七輪,神奈川県平塚市根坂間219-2
とくじゅう 厚木本店,神奈川県厚木市及川1051-1
味蘭,神奈川県横須賀市米が浜通1-1
カルビ屋ワッショイ 辻堂南店,神奈川県藤沢市辻堂6-18-23
牛角 平塚店,神奈川県平塚市紅谷町16-4
東海亭,神奈川県秦野市南矢名1-11-8
肉料理の一番や,神奈川県伊勢原市桜台1-15-3
おひさま,神奈川県厚木市旭町1-22-9
亀八,神奈川県藤沢市湘南台2-3-9
牛角 小田原店,神奈川県小田原市栄町1-4-9
BBQ BASE,神奈川県平塚市紅谷町17-25
酔心,神奈川県藤沢市鵠沼橘1-17-15
サムギョプサル専門店 韓国居酒屋 トントン,神奈川県伊勢原市伊勢原1-3-26
唐兵衛,神奈川県茅ヶ崎市矢畑727
七輪,神奈川県平塚市根坂間219-2
とくじゅう 厚木本店,神奈川県厚木市及川1051-1
味蘭,神奈川県横須賀市米が浜通1-1
味楽苑,神奈川県平塚市中原1-21-19
ホルモンセンター 中村家,神奈川県大和市西鶴間4-1-19
安楽亭 平塚四之宮店,神奈川県平塚市四之宮6-4-32
カルビ屋ワッショイ 湘南ライフタウン店,神奈川県藤沢市遠藤2016-20
慶州苑,神奈川県小田原市栢山2631-1
富士苑,神奈川県藤沢市村岡東2-15-3
小田原 炭火焼きホルモン にく月,神奈川県小田原市栄町1-14-7
あおもり,神奈川県藤沢市湘南台2-10-6
大松園,神奈川県小田原市栄町2-9-19
すずらん,神奈川県綾瀬市寺尾中4-9-37
永楽亭,神奈川県厚木市妻田北4-3-15
安楽亭 大和店,神奈川県大和市深見台4-15-1
食道園,神奈川県小田原市浜町4-30-1
天龍,神奈川県綾瀬市大上6-16-10
ソウル 中町店,神奈川県小田原市中町3-4-31
キムキム,神奈川県平塚市四之宮2-3-13
六角橋ホルモン 大夢,神奈川県横浜市神奈川区六角橋1-2-5
山西苑,神奈川県伊勢原市笠窪419-4
くい道楽,神奈川県厚木市温水2296-2
だるま家 船子店,神奈川県厚木市船子1256-2
赤から 平塚桜ケ丘店,神奈川県中郡大磯町高麗3-2-30
安楽亭 横浜吉野町店,神奈川県横浜市南区睦町1-3-3
赤とんがらし,神奈川県茅ヶ崎市東海岸南1-3-33
すずらん,神奈川県綾瀬市寺尾中4-9-37
永楽亭,神奈川県厚木市妻田北4-3-15
安楽亭 大和店,神奈川県大和市深見台4-15-1
食道園,神奈川県小田原市浜町4-30-1
天龍,神奈川県綾瀬市大上6-16-10
ソウル 中町店,神奈川県小田原市中町3-4-31
キムキム,神奈川県平塚市四之宮2-3-13
清養苑,神奈川県川崎市高津区明津93
六角橋ホルモン 大夢,神奈川県横浜市神奈川区六角橋1-2-5
寿苑,神奈川県川崎市多摩区菅1-3-11
大衆ホルモン肉力屋 京急川崎店,神奈川県川崎市川崎区砂子1-1-7
金剛苑,神奈川県川崎市川崎区池田1-3-9
KOREA,神奈川県秦野市曽屋3549-8
安楽亭 霧が丘店,神奈川県横浜市緑区霧が丘2-9-8
満喜,神奈川県川崎市川崎区桜本2-1-7
力道園,神奈川県川崎市中原区新城4-2-2
壽寿,神奈川県川崎市川崎区大島2-5-2
川崎苑,神奈川県川崎市川崎区浜町1-9-3
安楽亭 川崎南町店,神奈川県川崎市川崎区南町21-6
安兵衛,神奈川県海老名市国分北2-14-23
大徳,神奈川県藤沢市鵠沼神明5-13-15
梧里洞,神奈川県川崎市幸区下平間59
まんぷく亭,神奈川県横須賀市根岸町3-1-6
プレミアムカルビ 湘南台店,神奈川県藤沢市湘南台7-37-9
一休参,神奈川県海老名市門沢橋2-18-27
好楽園,神奈川県川崎市幸区塚越4-363
たい平,神奈川県藤沢市辻堂元町5-12-15
川崎苑,神奈川県川崎市川崎区浜町1-9-3
順天楼,神奈川県相模原市緑区太井608-3
野毛ホルモンビル 大夢,神奈川県横浜市中区野毛町2-78-1
東天閣 南幸店,神奈川県川崎市幸区南幸町3-68-2
まんぷく亭,神奈川県横須賀市根岸町3-1-6
プレミアムカルビ 湘南台店,神奈川県藤沢市湘南台7-37-9
一休参,神奈川県海老名市門沢橋2-18-27
好楽園,神奈川県川崎市幸区塚越4-363
たい平,神奈川県藤沢市辻堂元町5-12-15
明香苑,神奈川県横浜市神奈川区二ツ谷町3-3
龍苑,神奈川県横浜市中区寿町2-6-13
安楽亭 川崎高津店,神奈川県川崎市高津区明津220
炭焼 長屋門,神奈川県横浜市旭区金が谷610
安楽亭 横浜洋光台店,神奈川県横浜市磯子区洋光台6-33-7
プレミアムカルビ 淵野辺店,神奈川県相模原市中央区共和4-7-11
京城苑,神奈川県足柄下郡湯河原町土肥2-7-9
味ん味ん 陽光台店,神奈川県相模原市中央区陽光台5-5-3
大盛苑,神奈川県川崎市幸区南加瀬3-31-19
いくどん 相模原駅前店,神奈川県相模原市中央区相模原3-3-8
東天閣 南加瀬店,神奈川県川崎市幸区南加瀬4-13-10
羅生門,神奈川県横浜市港南区港南台3-22-6
味ん味ん 座間相模が丘店,神奈川県座間市相模が丘4-2-45
安楽亭 横須賀衣笠店,神奈川県横須賀市山科台1-12
肉のおおたに,神奈川県川崎市中原区新城3-8-16
安楽亭 横浜白根店,神奈川県横浜市旭区上白根1-1-26
味楽苑,神奈川県川崎市川崎区白石町1-3
まるす亭,神奈川県横須賀市久里浜4-8-8
WORLD YAKINIKU CENTER,神奈川県横浜市中区弁天通6-79
慶光苑 宮崎台店,神奈川県川崎市宮前区宮崎2-11-5
ホルモンハジメ,神奈川県横浜市中区末広町3-82
やき肉 高西,神奈川県川崎市宮前区野川1096
五臓六腑,神奈川県川崎市中原区新城5-10-6
七輪焼きホルモン ぶた吉,神奈川県川崎市中原区新城1-15-5
皇呂館,神奈川県川崎市川崎区京町3-5-12
牛まる,神奈川県横浜市都筑区早渕3-37-7
韓国村 元住吉店,神奈川県川崎市中原区木月3-7-11
香味,神奈川県横浜市鶴見区仲通3-72-4
牛角 相模原淵野辺店,神奈川県相模原市中央区高根2-1-3
遊輪 柿生店,神奈川県川崎市麻生区片平2-25-1
順天楼,神奈川県相模原市緑区太井608-3
横浜ニュートン 青葉台店,神奈川県横浜市青葉区桜台44-14
あみやき亭 川崎東口店,神奈川県川崎市川崎区日進町15-1
幸元,神奈川県横浜市鶴見区矢向5-13-38
壱語屋 たまプラーザ店,神奈川県横浜市青葉区美しが丘1-3-1
ジャンジャン,神奈川県川崎市川崎区東田町11-7
ニューモランボン,神奈川県相模原市中央区小山3-31-6
泰平館,神奈川県川崎市川崎区桜本2-46-15
牛べえ,神奈川県横浜市鶴見区佃野町10-8
赤松苑,神奈川県川崎市高津区千年126-1
山水苑,神奈川県相模原市南区南台5-21-16
安楽亭 川崎初山店,神奈川県川崎市宮前区初山1-22-13
野毛ホルモンビル 大夢,神奈川県横浜市中区野毛町2-78-1
東天閣 南幸店,神奈川県川崎市幸区南幸町3-68-2
丈清,神奈川県横浜市鶴見区栄町通1-9-8
金剛苑,神奈川県川崎市高津区北見方2-7-5
味楽亭,神奈川県川崎市多摩区登戸2596-3
蔵や 弘明寺店,神奈川県横浜市南区弘明寺町267
豚パパ 曙町 関内店,神奈川県横浜市中区曙町1-3-102
ソウルガーデン,神奈川県川崎市多摩区登戸1808
安楽亭 横浜洋光台店,神奈川県横浜市磯子区洋光台6-33-7
ホルモンビストロ 瞬,神奈川県相模原市中央区淵野辺3-3-10
BBQBar ＆錦KIN,神奈川県横浜市中区伊勢佐木町2-11-4
じゅうじゅうカルビ 鶴見中央店,神奈川県横浜市鶴見区鶴見中央3-4-27
山水苑,神奈川県横浜市磯子区新杉田町7-23
醐醍,神奈川県横浜市緑区中山町306-11
手ぶらでBBQ満福神奈川,神奈川県横浜市西区みなとみらい4-7-1
八宝亭,神奈川県相模原市中央区矢部3-9
七厘亭,神奈川県横浜市保土ケ谷区和田1-16-11
安楽亭 相模原九沢橋店,神奈川県相模原市中央区上溝4553-1-4
炭炭亭,神奈川県川崎市中原区下小田中2-27-19
大漁,神奈川県川崎市川崎区浅田4-16-1
プレミアムカルビ宮前平店,神奈川県川崎市宮前区土橋2-6-14
横浜 うしみつ,神奈川県横浜市神奈川区鶴屋町1-8-1
肉ニキの台所,神奈川県横浜市中区若葉町2-15
横浜ニュートン 青葉台店,神奈川県横浜市青葉区桜台44-14
わいわい亭 シークレイン店,神奈川県横浜市鶴見区鶴見中央1-31-2
わっしょい,神奈川県横浜市鶴見区鶴見中央4-27-6
牛角食べ放題専門店 相模大野店,神奈川県相模原市南区相模大野1-25-3
平和苑,神奈川県横浜市保土ケ谷区天王町1-2-9
五臓六腑,神奈川県川崎市中原区新城5-10-6
七輪焼きホルモン ぶた吉,神奈川県川崎市中原区新城1-15-5
皇呂館,神奈川県川崎市川崎区京町3-5-12
牛まる,神奈川県横浜市都筑区早渕3-37-7
韓国村 元住吉店,神奈川県川崎市中原区木月3-7-11
香味,神奈川県横浜市鶴見区仲通3-72-4
牛角 相模原淵野辺店,神奈川県相模原市中央区高根2-1-3
遊輪 柿生店,神奈川県川崎市麻生区片平2-25-1
金剛苑,神奈川県川崎市高津区北見方2-7-5
萬盛,神奈川県横浜市中区伊勢佐木町6-136-6
牛村,神奈川県川崎市中原区新丸子町648-5
仙峰苑,神奈川県横浜市南区六ツ川4-1189
みの吉,神奈川県相模原市南区磯部1280-1
炭火焼き野毛ホルモン だいきち,神奈川県横浜市中区野毛町2-71-12
味道苑,神奈川県横浜市南区六ツ川2-122-13
南大門,神奈川県足柄下郡湯河原町土肥6-11-2
やきにく苑,神奈川県横浜市鶴見区下末吉1-28-12
わいわい亭 シークレイン店,神奈川県横浜市鶴見区鶴見中央1-31-2
わっしょい,神奈川県横浜市鶴見区鶴見中央4-27-6
牛角食べ放題専門店 相模大野店,神奈川県相模原市南区相模大野1-25-3
平和苑,神奈川県横浜市保土ケ谷区天王町1-2-9
みつまた,神奈川県横浜市泉区和泉町2789-1
荒井屋,神奈川県横浜市金沢区能見台通17-6
三好苑,神奈川県川崎市川崎区駅前本町14-3
京城苑,神奈川県相模原市緑区下九沢1677-5
源,神奈川県相模原市南区東林間6-18-20
楽々苑,神奈川県相模原市南区新磯野1-22-15
牛備,神奈川県川崎市川崎区渡田向町12-3
たん菜房,神奈川県横浜市中区福富町西通52
みょうじん,神奈川県足柄下郡箱根町宮城野827
牛村,神奈川県川崎市中原区新丸子町648-5
食楽園,神奈川県横浜市鶴見区栄町通4-42-8
つる屋 伊勢佐木町店,神奈川県横浜市中区伊勢佐木町1-7-10
ホルモンビストロ 瞬,神奈川県相模原市中央区淵野辺3-3-10
BBQBar ＆錦KIN,神奈川県横浜市中区伊勢佐木町2-11-4
じゅうじゅうカルビ 鶴見中央店,神奈川県横浜市鶴見区鶴見中央3-4-27
安楽亭 相模原上溝店,神奈川県相模原市中央区上溝2307-1
いくどん 青葉台店,神奈川県横浜市青葉区青葉台2-18-11
京城苑 駅前店,神奈川県小田原市栄町2-3-11
七厘亭,神奈川県横浜市保土ケ谷区和田1-16-11
安楽亭 相模原九沢橋店,神奈川県相模原市中央区上溝4553-1-4
安楽亭 相模原九沢橋店,神奈川県相模原市中央区上溝4553-1-4
炭炭亭,神奈川県川崎市中原区下小田中2-27-19
アリラン,神奈川県相模原市中央区淵野辺4-14-44
肉ニキの台所,神奈川県横浜市中区若葉町2-15
香味苑,神奈川県横浜市鶴見区潮田町4-150-17
アボジ,神奈川県相模原市南区相模大野3-12-20
壱語屋 市ヶ尾店 蔵の膳,神奈川県横浜市青葉区市ケ尾町517-10
昇竜,神奈川県横浜市鶴見区市場富士見町5-15
花天,神奈川県川崎市中原区木月住吉町12-16
和,神奈川県横浜市中区太田町2-32-1
芝浦ホルモン楽 ハナレ,神奈川県川崎市川崎区浅田3-5-10
味楽苑,神奈川県横浜市戸塚区上矢部町1895
萬盛,神奈川県横浜市中区伊勢佐木町6-136-6
夕月館,神奈川県相模原市中央区相模原2-2-6
宮崎肉処 霧峰 ラスカ平塚店,神奈川県平塚市宝町1-1
北京,神奈川県川崎市中原区上平間1700-36
やきにく村,神奈川県横浜市保土ケ谷区新井町466-2
白頭山,神奈川県川崎市幸区中幸町1-17
まつだ,神奈川県厚木市中町4-5-15
福寿苑,神奈川県川崎市川崎区追分町13-3
京城苑,神奈川県横浜市保土ケ谷区新桜ケ丘1-28-15
牛角 元石川店,神奈川県横浜市青葉区元石川町5422-13
いくどん あざみ野店,神奈川県横浜市青葉区あざみ野1-26-7
肉son,神奈川県藤沢市湘南台2-7-6
焼き処えん,神奈川県平塚市代官町1-12
宝珍,神奈川県相模原市中央区淵野辺本町3-38-4
牛角 鴨宮店,神奈川県小田原市前川120
壱五屋,神奈川県藤沢市辻堂2-7-7
牛角 逗子店,神奈川県逗子市逗子5-2-48
黒毛和牛 SHIN,神奈川県横浜市南区吉野町2-4
安楽亭 今宿西店,神奈川県横浜市旭区今宿西町438
団らん旭,神奈川県平塚市徳延104-1
ビールとごはん グビグビ食堂,神奈川県茅ヶ崎市松浪1-1-12
炭焼喰人 （スミヤキショクニン）,神奈川県横浜市都筑区茅ヶ崎中央26-25
元気になるキムチ屋,神奈川県横浜市南区宿町1-18
紅虎苑 野毛店,神奈川県横浜市中区野毛町1-15
NIQLOG,神奈川県藤沢市片瀬海岸1-4-4
赤おに,神奈川県横須賀市大滝町2-17
芝浦食肉 川崎店,神奈川県川崎市川崎区砂子2-4-18
炭火焼 タイガー,神奈川県横須賀市若松町2-7
ホルモンセンターざんまい 寒川駅前店,神奈川県高座郡寒川町岡田937
KARA KARA本厚木店,神奈川県厚木市幸町6-4
グルーピードールズ 生田,神奈川県川崎市多摩区生田7-9-3
FREEDOM,神奈川県横須賀市追浜東町3-63
ぶん福,神奈川県横浜市中区長者町9-140
京城苑,神奈川県横浜市中区住吉町5-60
朱煙,神奈川県横浜市中区宮川町2-57
炭火焼・ジンギスカン 七厘亭,神奈川県川崎市麻生区高石3-9-1
バリバリ,神奈川県川崎市多摩区登戸1688
食彩和牛しげ吉 相模原店,神奈川県相模原市中央区相模原1-2-7
炭火焼ホルモン やざわ,神奈川県横浜市港南区丸山台1-11-6
牛繁 大船店,神奈川県鎌倉市大船1-25-23
黒牛徳,神奈川県相模原市南区相模大野8-3-7
燦星庵,神奈川県横浜市中区弁天通3-48
朴乃家,神奈川県川崎市幸区中幸町3-18
心,神奈川県横浜市中区本郷町2-34-4
とんちゃんハウス,神奈川県相模原市中央区相模原6-3-2
URIDURI,神奈川県横浜市中区吉田町5-1
エスカーラ,神奈川県横浜市金沢区谷津町365
京城苑 鶴ヶ峰店,神奈川県横浜市旭区鶴ケ峰2-23-23
グルーピードールズ 生田,神奈川県川崎市多摩区生田7-9-3
川崎肉流通センター,神奈川県川崎市川崎区貝塚1-13-3
エスカーラ,神奈川県横浜市金沢区谷津町365
バリバリ,神奈川県川崎市多摩区登戸1688
炭火焼ホルモン やざわ,神奈川県横浜市港南区丸山台1-11-6
牛繁 大船店,神奈川県鎌倉市大船1-25-23
まるよし亭,神奈川県綾瀬市上土棚中2-17-41
いくどん 相武台前店,神奈川県座間市相武台1-4509
enjoy chicken by1000,神奈川県横浜市中区常盤町1-5
壱語屋 青葉台店,神奈川県横浜市青葉区青葉台2-8-20
山田牛兵衛,神奈川県横浜市港南区上永谷2-22-2
麻浦カルビ,神奈川県横浜市中区福富町東通38-4
たれ山 読売ランド前,神奈川県川崎市多摩区西生田4-3-29
Korean Dining COCO,神奈川県横浜市中区羽衣町3-76-3
牛角 新横浜店,神奈川県横浜市港北区篠原町2865
肉匠 いっしん,神奈川県横浜市港南区上大岡東1-11-26
つる屋 馬車道店,神奈川県横浜市中区弁天通4-67-1
ホルモン さんぱち屋 あざみ野本店,神奈川県横浜市青葉区新石川1-8-1
御肉処はしやま,神奈川県横浜市中区相生町5-79-2
太田,神奈川県横浜市中区福富町西通46-4
二代目かんてき 溝ノ口店,神奈川県川崎市高津区溝口1-12-10
肉の頂～晃～,神奈川県横浜市金沢区鳥浜町1-1
安楽亭 東戸塚店,神奈川県横浜市戸塚区柏尾町193-1
YAKINIKU RESTAURANT えいじ,神奈川県川崎市中原区新丸子東1-781
カンゲン クイーンズスクエア横浜店,神奈川県横浜市西区みなとみらい2-3-4
とんきち,神奈川県綾瀬市大上5-12-31
まさるや,神奈川県藤沢市南藤沢23-10
煖,神奈川県横浜市都筑区北山田1-14-21
牛角 新百合ヶ丘店,神奈川県川崎市麻生区万福寺1-17-1
田園,神奈川県相模原市中央区南橋本2-6-13
かも笑,神奈川県小田原市扇町3-30-5
もつ焼き 良 大倉山店,神奈川県横浜市港北区師岡町477-13
三平ホルモン,神奈川県大和市深見西2-3-8
ほるもん番長,神奈川県大和市中央2-4-4
牛たん焼き仙台 辺見 横浜霧が丘店,神奈川県横浜市緑区霧が丘5-1-1
ジンギスカンおおにし,神奈川県川崎市高津区溝口2-15-1
ホルモン焼 てっちゃん,神奈川県川崎市多摩区生田7-2-12
七輪炭火焼 いくどん 藤が丘店,神奈川県横浜市青葉区藤が丘1-28-43
ジンギスカン食堂 HITSUJI KITCHEN 大和店,神奈川県大和市大和南1-2-10
牛たん居酒屋 橋本,神奈川県横浜市港北区綱島西4-10-6
炭火焼ホルモン専門店 北野,神奈川県横浜市神奈川区西神奈川3-1-5
牛角 平塚四之宮店,神奈川県平塚市四之宮2-6-21
ホルモン焼き とん太,神奈川県藤沢市用田618
ホルモン元気屋,神奈川県藤沢市善行7-6-6
鉄PAN焼 Hadapan,神奈川県秦野市本町1-9-9
大船ホルモンセンター,神奈川県鎌倉市大船1-10-7
ホルモンセンター 赤ひげ 鳶尾店,神奈川県厚木市鳶尾4-27
酔笑苑,神奈川県厚木市中町3-2-21
弁慶果樹園,神奈川県藤沢市遠藤6190
牛たん 満月,神奈川県小田原市本町2-5-9
ドラム缶酒場長寿村,神奈川県鎌倉市台2-11-10
ホルモン酒場 GERAGERA,神奈川県平塚市東八幡1-2-3
KOTORA,神奈川県横浜市神奈川区松本町1-3-9
みどりやファーム,神奈川県秦野市落合833-3
行くべえ,神奈川県横須賀市野比1-7-8
ホルモンセンター天狗家 本店,神奈川県大和市柳橋2-2-15
大衆酒場 ホルモン てつ,神奈川県平塚市錦町2-19
鶴間とんちゃん,神奈川県大和市鶴間2-11-20
ホルモン大和,神奈川県海老名市河原口1-3-5
もつ次郎 平塚桜ヶ丘店,神奈川県平塚市中里46-25
弁慶果樹園,神奈川県藤沢市遠藤6190
KOTORA,神奈川県横浜市神奈川区松本町1-3-9
居酒屋 ごり,神奈川県茅ヶ崎市浜竹3-3-34
柳屋ホルモン焼 本店,神奈川県小田原市中町3-15-5
山喜多 鶴間店,神奈川県大和市西鶴間3-1-12
みどりやファーム,神奈川県秦野市落合833-3
ホルモンぶんぶく,神奈川県伊勢原市桜台1-18-1
宝源,神奈川県茅ヶ崎市香川5-2-13
鶴間とんちゃん,神奈川県大和市鶴間2-11-20
ホルモン大和,神奈川県海老名市河原口1-3-5
ホルモン源,神奈川県小田原市前川195
めん羊の里 木里館,神奈川県秦野市曽屋5896-2
ホルモン焼福だるま,神奈川県平塚市横内4069-5
きのこ苑 お山のたいしょう,神奈川県小田原市根府川657
やなぎや 寿町店,神奈川県小田原市寿町5-8-42
かむらど 佐島店,神奈川県横須賀市佐島3-6-13
時代輪屋,神奈川県秦野市鶴巻北2-4-17
ホルモン焼 じゃんぼ,神奈川県茅ヶ崎市浜竹4-7-53
三道苑,神奈川県大和市西鶴間5-13-1
勝滝ホルモンセンター,神奈川県大和市鶴間2-11-23
もつ焼き いちばん,神奈川県小田原市栄町3-3-17
もつ肉ハッピー,神奈川県横須賀市若松町1-11
Seafood ＆ Grill YAKIYA（ヤキヤ）八景島,神奈川県横浜市金沢区八景島
炭火焼ホルモン けんちゃん,神奈川県平塚市明石町14-12
とき,神奈川県茅ヶ崎市円蔵1-24-23
ホルモンセンターおかめ,神奈川県厚木市栄町2-10-28
丸美,神奈川県藤沢市湘南台2-2-11
ホルモン焼珍満,神奈川県小田原市中村原733-6
炭火焼 ホルモン家族 ちゅうりん 中央林間店,神奈川県大和市中央林間5-7-21
ぽんぽこ亭,神奈川県茅ヶ崎市松が丘1-10-16
炭火焼ホルモン けんちゃん,神奈川県平塚市明石町14-12
ちょっと 北久里浜店,神奈川県横須賀市根岸町3-12-8
柳屋ホルモン焼 南足柄店,神奈川県南足柄市和田河原437-1
ホルモン天国,神奈川県座間市ひばりが丘2-52-19
炭火屋麒麟児,神奈川県横浜市鶴見区生麦3-7-18
野毛とんちゃん,神奈川県横浜市中区野毛町2-71
忠ちゃん,神奈川県川崎市多摩区西生田4-2-2
羊肉酒場 火辻,神奈川県相模原市緑区橋本3-29-6
ホルモン酒場○蔵,神奈川県藤沢市鵠沼石上1-3-1
ぽんぽこ亭,神奈川県茅ヶ崎市松が丘1-10-16
白熊 炭火焼,神奈川県横浜市緑区長津田5-2-5
塩煮込みともつ串焼 もつしげ 横浜西口店,神奈川県横浜市西区南幸2-8-26
お好み焼き 鉄板焼き もんじゃ焼き とどろき亭,神奈川県川崎市中原区宮内4-1-2
ふじまる,神奈川県横浜市南区別所1-3-20
てっぱん加福屋,神奈川県川崎市川崎区渡田4-1-3
ぽんぽこ亭 茅ヶ崎萩園店,神奈川県茅ヶ崎市萩園1270-34
内臓卸直営 ホルモン保坂 宮前店,神奈川県川崎市宮前区南平台3-18
まるなが,神奈川県伊勢原市石田337-5
羊の大群,神奈川県横浜市中区曙町2-28
牛たん焼き 縁,神奈川県横浜市神奈川区鶴屋町2-16-3
吉池,神奈川県足柄下郡箱根町湯本597
遊魚園,神奈川県相模原市緑区名倉3231
ホルモン500,神奈川県横浜市中区曙町1-10
七輪炭火焼ホルモン おさやん！ 川崎総本店,神奈川県川崎市川崎区砂子2-8-1
ロックヒルズガーデン,神奈川県川崎市幸区中幸町3-8-1
Happy Food ＆ Cafe Tiger,神奈川県横浜市青葉区田奈町78-2
ホルモンしばうら 武蔵新城店,神奈川県川崎市高津区新作5-25-12
ホルモン しろ,神奈川県相模原市中央区陽光台4-3-5
闇市肉酒場 横浜 曙町店,神奈川県横浜市中区曙町1-1-29
野毛ホルモンセンターはなれ,神奈川県横浜市中区野毛町2-69
ラムバレー,神奈川県鎌倉市大船2-25-14
Riz‐p 鉄板ダイニング,神奈川県横浜市中区相生町2-50
じんじん,神奈川県横浜市磯子区栗木2-2-22
Griddle Bar GOOFY,神奈川県相模原市中央区共和4-1-5
炭火焼ホルモン 梅林,神奈川県横浜市磯子区杉田4-5-28
炭火焼ホルモン 秀,神奈川県相模原市南区御園5-5-25
炭火焼 甲州,神奈川県横浜市港北区菊名1-9-36
もつ焼き い組,神奈川県横浜市旭区二俣川1-45-71
ホルモンセンター 赤ひげ 愛川店,神奈川県愛甲郡愛川町角田585-4
牛タン炭火焼き 味の店 八ったん 川崎,神奈川県川崎市川崎区本町1-8-28
炭火焼 実杏美,神奈川県横浜市中区麦田町4-98
名門芝浦ホルモン 楽,神奈川県川崎市川崎区京町3-29-7
ホルモン焼 かつら,神奈川県相模原市南区相南4-3-27
海南亭グリル,神奈川県横浜市中区相生町4-65
やまじん,神奈川県川崎市川崎区東田町7-1
鉄板焼 むげん,神奈川県川崎市高津区溝口2-6-22
ホルモン焼 民ちゃん,神奈川県横浜市都筑区勝田町368-7
炭焼き 螢,神奈川県相模原市南区東林間5-17-15
鉄板焼き・お好み焼き aja （エイジャ） 藤沢店,神奈川県藤沢市南藤沢16-11
テラス キャンプ バーベキュー 真鶴魚座,神奈川県足柄下郡真鶴町真鶴1947-2
喜之助,神奈川県足柄下郡箱根町湯本703-19
鉄板ハウス蒼姫,神奈川県横浜市戸塚区名瀬町43-5
鉄板焼 わいわい,神奈川県横浜市港南区下永谷3-6-16
もつ焼き つじ,神奈川県横浜市港北区樽町4-7-12
ワイルドクッキングガーデン,神奈川県相模原市緑区若柳1634
鉄板焼き居酒屋なかまる,神奈川県相模原市中央区横山台2-9-8
肉匠牛たん たん之助 ヨドバシ横浜店,神奈川県横浜市西区北幸1-2-7
牛たん焼き仙台辺見 新横浜店,神奈川県横浜市港北区新横浜2-5-13
鉄板焼 ゆうき亭,神奈川県川崎市中原区木月1-28-16
鉄板焼き 十十,神奈川県相模原市中央区南橋本2-11-1
クラーテル,神奈川県横浜市西区高島2-13-6
炭火鉄板焼 杜季,神奈川県足柄下郡箱根町宮ノ下112-2
テラス キャンプ バーベキュー 真鶴魚座,神奈川県足柄下郡真鶴町真鶴1947-2
喜之助,神奈川県足柄下郡箱根町湯本703-19
牛たん焼き 仙台 辺見 川崎アゼリア店,神奈川県川崎市川崎区駅前本町26-2
炭火ホルモン焼 がま親分,神奈川県横浜市中区日ノ出町1-102
ポピー,神奈川県横浜市保土ケ谷区法泉3-2-12
珍萬,神奈川県相模原市中央区陽光台4-24-4
小樽ジンギスカン倶楽部 北とうがらし,神奈川県横浜市青葉区すすき野1-3-26
いくどん 矢部店,神奈川県相模原市中央区矢部3-21-13
くいしんぼう,神奈川県川崎市多摩区登戸2650-2
肉匠牛たん たん之助 ヨドバシ横浜店,神奈川県横浜市西区北幸1-2-7
上大岡とんちゃん,神奈川県横浜市港南区上大岡西1-14-37
もつやきぺーちゃ,神奈川県川崎市多摩区菅稲田堤1-16-16
TON佑,神奈川県横浜市保土ケ谷区上星川1-2-3
青葉 新百合ヶ丘エルミロード店,神奈川県川崎市麻生区上麻生1-4-1
ITOH DINING by NOBU,神奈川県足柄下郡箱根町強羅1300-64
AMAYA,神奈川県足柄下郡真鶴町真鶴1947-98
BBQPITあざみ野ガーデンズ,神奈川県横浜市青葉区大場町704-11
大衆鉄板酒場てんてん,神奈川県相模原市中央区淵野辺4-15-12
GORA BREWERY ＆ GRILL,神奈川県足柄下郡箱根町強羅1300-72
ラム専 ひつじ亭,神奈川県相模原市中央区淵野辺4-17-16
時代輪屋,神奈川県足柄上郡中井町井ノ口2419-25
ひがんしがん,神奈川県逗子市逗子7-1-51
バーベキューレストラン ブリーズ,神奈川県足柄下郡箱根町強羅1320-270
もつ焼き ふくろう,神奈川県川崎市麻生区百合丘1-16-32
鉄板焼 さがみ,神奈川県横浜市西区北幸1-3-23
ジンギスカン 伊勢原店,神奈川県伊勢原市伊勢原1-15-14
I．NU,神奈川県伊勢原市伊勢原1-7-7
炭火焼 八剣伝 南橋本店,神奈川県相模原市中央区南橋本1-3-13
ひがんしがん,神奈川県逗子市逗子7-1-51
鉄板焼き 石ずえ,神奈川県足柄下郡箱根町強羅1320-807
小澤商店,神奈川県座間市相模が丘1-24-8
ジンギスカンと肴 あきらや,神奈川県平塚市紅谷町5-3
かいせ,神奈川県厚木市旭町2-1-15
仙臺牛たん炭焼 利久 リエール藤沢店,神奈川県藤沢市南藤沢1-2
もつ焼き けんもつ屋,神奈川県川崎市中原区木月2-1-7
マサルヤ飯店,神奈川県藤沢市南藤沢23-10
ホルモンばんちょう,神奈川県横浜市南区吉野町4-20
俣野也,神奈川県横浜市中区富士見町2-1
ホルモン倶楽部 さがみ野店,神奈川県海老名市東柏ケ谷3-14-4
山桜,神奈川県足柄下郡箱根町箱根65
ホルモン道場 闘牛家,神奈川県横浜市中区伊勢佐木町3-101
鉄板居酒屋 夕景,神奈川県横浜市中区伊勢佐木町6-141-8
たん右衛門,神奈川県横浜市中区若葉町1-7
海辺のBed＆Breakfast GOOD MORNING ZAIMOKUZA,神奈川県鎌倉市材木座5-8-25
全国 ご当地 味めぐり てっぱん屋台 三井アウトレットパーク 横浜ベイサイド店,神奈川県横浜市金沢区白帆5-2
時代輪屋 渋沢店,神奈川県秦野市松原町3-48
日本橋山喜多 武蔵新城店,神奈川県川崎市中原区新城1-2-18
仙台牛タンみなと 横浜西口駅前店,神奈川県横浜市西区北幸1-1-13
鉄板焼 天 横浜,神奈川県横浜市西区南幸1-3-1
知喜多亭 和（なごみ） 横浜・関内店,神奈川県横浜市中区相生町3-53
鉄板焼き 心,神奈川県横浜市中区弁天通2-29
もつ焼き ジョン,神奈川県川崎市中原区上新城2-6-6
仙臺たんや利久ららぽーと海老名店,神奈川県海老名市扇町13-1
ホルモン古奈屋,神奈川県伊勢原市伊勢原1-17-12
ジンギスカン・エフ,神奈川県横浜市旭区鶴ケ峰2-22
とりぎゅたぶう,神奈川県横浜市南区宿町2-34
牛たん専門店 牛たん みやぎ そごう横浜店,神奈川県横浜市西区高島2-18-1
仙臺たんや 利久 コレットマーレみなとみらい店,神奈川県横浜市中区桜木町1-1-7
鉄板焼 REVEL,神奈川県川崎市多摩区登戸2085-1
もつ焼き良,神奈川県横浜市港北区綱島東3-5-58
炙り牛たん万イオンモール座間店,神奈川県座間市広野台2-10-4
グリルレストラン十邑,神奈川県足柄下郡箱根町強羅1300-8
厚木シロコロホルモン焼 千代乃 厚木ヴィラ店,神奈川県厚木市旭町3-15-14
仙台牛タンみなと 横浜西口駅前店,神奈川県横浜市西区北幸1-1-13
ジンギスカン・エフ,神奈川県横浜市旭区鶴ケ峰2-22
超ホルモン,神奈川県横浜市中区野毛町2-74-1
もつ焼 幸大 弘明寺店,神奈川県横浜市南区弘明寺町320-3
もつ焼き 幸太,神奈川県横浜市鶴見区鶴見中央4-20-3
牛たん専門店 牛たん みやぎ そごう横浜店,神奈川県横浜市西区高島2-18-1
仙臺たんや 利久 コレットマーレみなとみらい店,神奈川県横浜市中区桜木町1-1-7
利久食堂 ジ アウトレット湘南平塚店,神奈川県平塚市大神8-1-1
ねぎし アトレ川崎店,神奈川県川崎市川崎区駅前本町26-1
鉄板焼 禅,神奈川県足柄下郡箱根町塔ノ沢191
キリン横浜ビアホール,神奈川県横浜市鶴見区生麦1-17-1
鉄板処 TETSU -徹-,神奈川県横浜市戸塚区品濃町541-3
杉作,神奈川県川崎市幸区大宮町1310
ホルモン しろ 新丸子店,神奈川県川崎市中原区新丸子町740-2
鉄板焼 裕,神奈川県横浜市中区尾上町5-69
知喜多 横浜西口店,神奈川県横浜市西区北幸1-1-2
炭火焼 旬彩だるま,神奈川県横浜市中区常盤町3-34-5
鉄板焼 もりいち,神奈川県横浜市青葉区美しが丘1-13-10
薄野 中村屋,神奈川県横浜市中区海岸通4-22
牛たん炭焼 利久 ウィング上大岡店,神奈川県横浜市港南区上大岡西1-6-1
タン次郎,神奈川県横浜市金沢区瀬戸10-1
鉄板Dining＆Lounge 恵手得亭,神奈川県横浜市中区太田町2-26-3
鶴見ホルモンセンター,神奈川県横浜市鶴見区鶴見中央4-1-2
鉄板バル HANANOKI,神奈川県横浜市港南区上大岡西1-4-16
創作フレンチ ショウズ鉄板ダイニング,神奈川県横浜市中区尾上町3-45-2
いちりき,神奈川県川崎市多摩区登戸新町226
新横浜プリンスホテル トップ オブ ヨコハマ 鉄板焼＆ダイニング,神奈川県横浜市港北区新横浜3-4
牛たんと和牛焼き 青葉 マルイファミリー溝口店,神奈川県川崎市高津区溝口1-4-1
ゴールデンもつ,神奈川県横浜市中区桜木町1-1
Coccinella,神奈川県横浜市中区相生町5-79-2
ダイニング・カフェ たん吉,神奈川県横浜市保土ケ谷区帷子町2-99-2
利久 ららぽーと横浜店,神奈川県横浜市都筑区池辺町4035-1
鉄板焼 華暦,神奈川県横浜市西区みなとみらい1-1-3
鉄板焼なか田,神奈川県横浜市中区太田町2-32-1
牛たん焼き 仙台辺見 本厚木ミロード店,神奈川県厚木市泉町1-1
大阪西成 もつ肉商店 横浜野毛店,神奈川県横浜市中区野毛町1-32
鉄板焼 福むろ,神奈川県横浜市中区常盤町5-72-1
高甲,神奈川県横浜市青葉区市ケ尾町1168-3
本元 野毛店,神奈川県横浜市中区花咲町1-28-1
宮地亭,神奈川県横浜市中区太田町5-63-2
鉄板焼き居酒屋みぞまる,神奈川県相模原市中央区中央3-8-1
大衆酒場 もつ焼きのやまちゃん,神奈川県相模原市南区相模大野3-3-2
ベイサイドグリルザバーベキュー三井アウトレットパーク横浜ベイサイド店,神奈川県横浜市金沢区白帆5-2
焼肉わいえふ,神奈川県高座郡寒川町倉見519
焼肉屋 豪気,神奈川県小田原市南鴨宮2-41-1
焼肉 ごっち,神奈川県川崎市中原区新城3-17-9
焼肉ざんまい 湘南台店,神奈川県藤沢市湘南台4-8-11
焼肉BEEFMAN（ビーフマン） 横浜,神奈川県横浜市中区相生町2-31
炭火焼肉波,神奈川県厚木市妻田南1-23-14
炭火焼肉 火焔山,神奈川県厚木市上荻野267-1
七輪炭火焼肉 味ん味ん 愛川店,神奈川県愛甲郡愛川町中津724
大阪焼肉・ホルモン ふたご 元住吉店,神奈川県川崎市中原区木月2-4-6
大津苑,神奈川県横須賀市大津町1-17-1
ビーフキッチン,神奈川県横浜市神奈川区鶴屋町2-15
錦水,神奈川県横浜市鶴見区生麦5-5-9
慶州苑,神奈川県川崎市幸区下平間48
金剛苑 川崎池上町店,神奈川県川崎市川崎区池上町1-8
牛力,神奈川県高座郡寒川町一之宮7-6-7
にんにくどお？ 柿生店,神奈川県川崎市麻生区上麻生5-38-5
美星屋,神奈川県川崎市川崎区浜町4-16-21
千翠,神奈川県三浦市南下浦町上宮田3124
丸子屋,神奈川県川崎市中原区新丸子町911-1
ホルモン道場 輪倶闇市 川崎2号店,神奈川県川崎市川崎区砂子2-8-5
肉の寅屋総本店,神奈川県藤沢市湘南台2-1-1
飛車角 横浜店,神奈川県横浜市西区北幸1-4-1
あづま商店,神奈川県横浜市神奈川区大口通130-10
ホルモン いち本,神奈川県厚木市愛甲1-2-5
ホルモン家族かつら,神奈川県大和市南林間2-13-1
大上ホルモン,神奈川県綾瀬市寺尾南3-16-14
TECO7,神奈川県藤沢市南藤沢20-4
もつ焼きごう,神奈川県横浜市港北区綱島西1-8-17
